year,month,day,humidity,temp,sun,wind
2008,5,1,69,23.4,8.5,5.5
2008,5,2,83,21,0,3.4
2008,5,3,90,20,0,4.3
2008,5,4,86,20.2,0.2,4.1
2008,5,5,83,20.8,0.4,4.1
2008,5,6,37,25.4,11.9,5.2
2008,5,7,59,24.3,11.5,3.7
2008,5,8,50,23.5,7.7,3.8
2008,5,9,47,24,2.6,3.3
2008,5,10,80,16,0,4.5
2008,5,11,79,13.7,0.2,4.3
2008,5,12,73,14.5,0,4.8
2008,5,13,88,12.2,0,5
2008,5,14,86,14,0,2.4
2008,5,15,75,21.6,7.4,2.4
2008,5,16,72,22.9,9.1,2.9
2008,5,17,73,23.7,8.5,3.1
2008,5,18,72,23.2,9.3,3.8
2008,5,19,76,25,3.2,4.7
2008,5,20,74,23.5,0.4,7.6
2008,5,21,55,23.6,10.7,3.4
2008,5,22,68,25.7,9.5,5
2008,5,23,63,29.2,9.9,3.6
2008,5,24,76,24.9,4,4.6
2008,5,25,88,23,0,4.6
2008,5,26,72,27.3,8.5,4.1
2008,5,27,56,27.5,13.1,3.4
2008,5,28,71,24.7,5.3,3.2
2008,5,29,88,17.4,0,4.3
2008,5,30,87,17.1,0,5.8
2008,5,31,89,14.7,0,4.6
2008,6,1,72,23.8,10,2.9
2008,6,2,78,21.5,0,2.9
2008,6,3,89,16.5,0,4.5
2008,6,4,74,22.9,1.9,3.4
2008,6,5,83,23.1,0.3,3.3
2008,6,6,75,25.7,9.6,4.4
2008,6,7,65,26.1,6.1,3.6
2008,6,8,83,22.7,0,2.3
2008,6,9,87,22,0.9,3.2
2008,6,10,73,26,12.6,3.3
2008,6,11,80,25.1,2.1,3.1
2008,6,12,82,21.1,0.6,3.5
2008,6,13,69,26.8,13.2,3.2
2008,6,14,60,28.9,11,4.5
2008,6,15,65,24.5,4.9,3.8
2008,6,16,68,26.8,7.6,3.2
2008,6,17,72,25.1,2.3,2.9
2008,6,18,74,26.2,2.9,2.8
2008,6,19,72,26.8,2.4,5.6
2008,6,20,84,24,0,5.5
2008,6,21,89,24.8,0.2,3.2
2008,6,22,91,23.2,0,3.4
2008,6,23,80,25.5,1,3.7
2008,6,24,76,26.3,10.5,4.6
2008,6,25,74,26.2,3,4
2008,6,26,83,18.5,0,3.9
2008,6,27,76,23.8,0,1.8
2008,6,28,79,25.2,0,2.4
2008,6,29,90,23.8,0,4.2
2008,6,30,75,25.9,6.1,4.2
2008,7,1,77,25.4,2.8,2.8
2008,7,2,76,25.8,10.3,4.4
2008,7,3,76,27.8,1.1,6.1
2008,7,4,78,29.3,8.2,6
2008,7,5,80,29.8,8.5,3.1
2008,7,6,83,29.6,4.1,3.3
2008,7,7,86,25.9,0,2.9
2008,7,8,85,24.7,0,2.6
2008,7,9,75,27.2,2.7,2.6
2008,7,10,72,27.3,5.5,2.7
2008,7,11,73,28.7,4.6,4.8
2008,7,12,77,33.3,9.2,3.3
2008,7,13,77,32.5,7.1,2.4
2008,7,14,77,32.4,4.3,3.2
2008,7,15,71,31.2,5.7,3.4
2008,7,16,76,31.6,8,3.4
2008,7,17,76,30.5,6.7,3.5
2008,7,18,81,31,1,4.4
2008,7,19,70,33,9.8,3.2
2008,7,20,75,32,9,3.4
2008,7,21,76,30.7,1.3,3.6
2008,7,22,76,32.9,6,4.2
2008,7,23,74,34.3,9.5,5.1
2008,7,24,74,32,7.1,4.8
2008,7,25,76,33.1,9.5,4.8
2008,7,26,79,30.8,3.3,2.9
2008,7,27,79,33.6,3.2,2.6
2008,7,28,71,34.5,3.6,2.1
2008,7,29,71,32.6,7.7,3.2
2008,7,30,70,31.2,7.9,4.3
2008,7,31,71,30.9,6.3,3.2
2008,8,1,72,31.1,5.7,3
2008,8,2,76,31.1,7.2,4
2008,8,3,74,34,8.2,5
2008,8,4,74,35.3,8.3,4.4
2008,8,5,83,29.2,0,2.9
2008,8,6,71,34.6,8.9,3
2008,8,7,73,33,11.7,4.6
2008,8,8,71,34.7,11,4.1
2008,8,9,71,33.4,4.3,4.1
2008,8,10,71,29.7,0.5,3.2
2008,8,11,75,32.1,4.5,2.7
2008,8,12,77,33.2,4.8,3.5
2008,8,13,74,32.3,8.4,4.8
2008,8,14,71,33.9,8,6.3
2008,8,15,69,34.7,12,5.9
2008,8,16,80,34.7,4.5,4.5
2008,8,17,86,24.3,0,4.4
2008,8,18,76,29.9,7.2,3.1
2008,8,19,75,33.2,7.6,4.6
2008,8,20,76,33,6.3,2.9
2008,8,21,76,31.5,6.8,3.3
2008,8,22,71,26.2,4.2,4.6
2008,8,23,76,24.8,0,2.9
2008,8,24,80,28.4,0,3
2008,8,25,85,27.1,0,3.6
2008,8,26,86,25.3,0.1,4
2008,8,27,79,29.5,1.7,3.2
2008,8,28,86,31,2.5,3.6
2008,8,29,85,30.3,1.9,2.8
2008,8,30,,29.9,2.5,
2008,8,31,,29.7,2.9,
2008,9,1,83,29.7,4.1,3.3
2008,9,2,80,30.9,8.1,3.1
2008,9,3,76,30.8,11.5,3.9
2008,9,4,80,30.1,3.1,3.5
2008,9,5,83,29.4,2.9,2.8
2008,9,6,82,31.2,2.7,2.3
2008,9,7,78,31.5,3.6,2.4
2008,9,8,71,32.1,8.1,2.7
2008,9,9,52,30.4,11.9,3
2008,9,10,67,28.7,9.5,3.4
2008,9,11,80,25.4,1.5,3.9
2008,9,12,75,29.7,11.2,3.8
2008,9,13,78,31,5.5,2.1
2008,9,14,80,30,3.4,2.6
2008,9,15,81,27.5,1.1,2.8
2008,9,16,88,25,2.8,2.3
2008,9,17,78,29.6,9.2,2.7
2008,9,18,85,24.6,0,2.3
2008,9,19,85,26.4,0,2.1
2008,9,20,83,28,4.4,4.2
2008,9,21,90,26.7,0.5,2.5
2008,9,22,91,22.5,0,3.2
2008,9,23,82,27.4,5.7,2.7
2008,9,24,61,29,10.2,3.7
2008,9,25,76,28.7,4.9,5
2008,9,26,76,29.7,1.3,8.4
2008,9,27,49,22.6,1.7,3
2008,9,28,61,20.1,0,2.8
2008,9,29,85,18.2,0,2.3
2008,9,30,94,18.7,0,2.3
2009,5,1,54,23.1,11.7,4.8
2009,5,2,62,24.2,12,4.9
2009,5,3,62,22.4,4.4,6.5
2009,5,4,62,22.9,8.7,5.7
2009,5,5,83,19.2,0,3.1
2009,5,6,89,18.7,0,4.9
2009,5,7,87,20.9,0.2,5.3
2009,5,8,88,20.9,0.4,2.9
2009,5,9,64,25.7,11.3,3.2
2009,5,10,73,25.1,10.1,3.9
2009,5,11,82,24.1,0.8,2.8
2009,5,12,78,24.2,4.9,5.4
2009,5,13,67,25.3,2.2,3.9
2009,5,14,36,22.8,9.7,5.8
2009,5,15,48,20.2,12,3.8
2009,5,16,65,19.7,0,3.5
2009,5,17,79,22.9,0,7.7
2009,5,18,57,29.7,9.7,5.9
2009,5,19,70,24.1,2.3,4.2
2009,5,20,63,29.5,12.6,3
2009,5,21,66,27.3,7.8,4.5
2009,5,22,65,25.5,3.3,6.7
2009,5,23,73,27.4,6.5,3.9
2009,5,24,78,21,0.5,2.5
2009,5,25,74,22.7,5.8,4.1
2009,5,26,66,25.2,11.5,3.7
2009,5,27,66,25.4,8.4,3.4
2009,5,28,84,19.6,0,4.3
2009,5,29,88,19.7,0,6.2
2009,5,30,90,21.1,0,2.8
2009,5,31,85,26.1,4.4,2.7
2009,6,1,73,23.2,0.8,3.2
2009,6,2,68,24.2,12.5,4.7
2009,6,3,71,25.3,0.3,5.4
2009,6,4,77,23.5,0.1,2.7
2009,6,5,86,21.4,0,2.3
2009,6,6,88,22.8,0,3.2
2009,6,7,72,27.8,10.6,3.3
2009,6,8,79,20.4,0,3
2009,6,9,76,24.4,0.9,2.1
2009,6,10,75,26.4,2,5.7
2009,6,11,85,24.2,0,3.7
2009,6,12,64,27.9,7.4,2.7
2009,6,13,71,26.7,6.3,3.4
2009,6,14,84,22.6,0,3
2009,6,15,81,23.9,1.7,3.5
2009,6,16,83,23.1,0.1,3.6
2009,6,17,77,25.1,3.7,3.4
2009,6,18,79,24,0.2,3.1
2009,6,19,81,24.8,2.9,3.2
2009,6,20,78,26.8,3.2,3.6
2009,6,21,90,25.5,0,3.9
2009,6,22,92,25.8,0,3.4
2009,6,23,75,28.1,5.3,6.8
2009,6,24,83,25.9,0.6,3.1
2009,6,25,80,27.3,1.3,3.1
2009,6,26,76,28.5,5.5,3.5
2009,6,27,69,29.2,9.9,4.1
2009,6,28,85,25.1,0,2.9
2009,6,29,74,29.8,7.3,3.5
2009,6,30,88,24,0,3
2009,7,1,85,27,0,3.2
2009,7,2,91,25.3,0,3.8
2009,7,3,85,26.2,0.2,2.2
2009,7,4,81,27,0.2,2.2
2009,7,5,79,26.2,0.4,3.3
2009,7,6,83,25.8,0,4.5
2009,7,7,78,29.7,8,6.9
2009,7,8,81,27.8,0.6,9.2
2009,7,9,78,29.5,5.6,8.4
2009,7,10,79,27.7,0.6,9.6
2009,7,11,59,27.4,2.3,3.1
2009,7,12,74,27.7,2.6,2.8
2009,7,13,74,30.7,9.1,7.8
2009,7,14,60,31.3,7.8,4.4
2009,7,15,72,31.2,12.4,7.7
2009,7,16,65,33.7,8.7,4.4
2009,7,17,80,27.5,0.8,3.6
2009,7,18,78,29.2,0.6,3.4
2009,7,19,75,30.8,3.4,7.1
2009,7,20,63,30.6,4.4,4.2
2009,7,21,87,24.7,0,2.8
2009,7,22,89,26.1,0,5.1
2009,7,23,79,29.9,1.7,4
2009,7,24,79,30.6,0.8,5.6
2009,7,25,77,31.2,10.2,7.9
2009,7,26,73,32.5,12.9,6.9
2009,7,27,79,31.4,4.7,5.2
2009,7,28,85,28.5,0.1,4.1
2009,7,29,79,31.5,2.1,5.6
2009,7,30,78,32.3,10.3,5.9
2009,7,31,82,25.9,1.4,4.2
2009,8,1,78,28,2.8,3.3
2009,8,2,79,28,2.2,2.6
2009,8,3,80,30.4,3.6,3.3
2009,8,4,85,28.3,0.5,4.5
2009,8,5,80,30.6,1.2,3
2009,8,6,85,29,0.1,2.4
2009,8,7,76,32.4,7.1,5
2009,8,8,81,31.7,3.6,3.2
2009,8,9,84,31.9,0.2,2.9
2009,8,10,90,28,0,3.9
2009,8,11,83,28.1,2.2,4.5
2009,8,12,78,29.7,6,3.3
2009,8,13,79,31.2,8.1,3
2009,8,14,72,29.7,2.7,3.3
2009,8,15,69,31.7,12.4,3.3
2009,8,16,66,32.6,10.2,3.2
2009,8,17,73,29.9,5.1,3.7
2009,8,18,71,30.3,7.4,3.6
2009,8,19,70,30.1,3.4,2.8
2009,8,20,71,30.2,9.3,3.6
2009,8,21,74,31.1,2.1,5.5
2009,8,22,76,31.4,3.4,3.3
2009,8,23,64,31.2,4.9,3.2
2009,8,24,70,29.7,3.8,2.9
2009,8,25,63,28.9,6.3,3.5
2009,8,26,63,28,6.9,3.5
2009,8,27,70,29,4.9,2.9
2009,8,28,74,30,11.2,3.6
2009,8,29,68,32.5,10.9,3.9
2009,8,30,86,26.2,0,5.7
2009,8,31,90,20.5,0,7.5
2009,9,1,77,32.1,7.4,3.7
2009,9,2,77,23.6,0,4.7
2009,9,3,73,25.5,0.6,4.1
2009,9,4,73,26.6,2.5,3
2009,9,5,73,29,8.5,3.3
2009,9,6,72,28.2,10.2,4.5
2009,9,7,76,27.9,4.7,3.2
2009,9,8,77,28.1,1.3,3.9
2009,9,9,73,23.5,0.2,3.5
2009,9,10,58,28.8,8,3.5
2009,9,11,51,27.2,3.8,2.3
2009,9,12,81,23.3,0,2.5
2009,9,13,75,27.7,6.1,2.6
2009,9,14,63,27,6,3.5
2009,9,15,80,23.7,0,2.6
2009,9,16,69,27.8,8.9,2.9
2009,9,17,63,26.3,9.4,3.5
2009,9,18,73,23.1,1.1,3.4
2009,9,19,69,23.8,0,4.9
2009,9,20,53,26.9,10.1,4.1
2009,9,21,66,24.1,1,3.2
2009,9,22,64,26.1,2.7,2.9
2009,9,23,62,28.2,4.6,3
2009,9,24,72,27.5,9.2,4.1
2009,9,25,70,28.1,9.1,3.8
2009,9,26,68,27.4,7.3,3.4
2009,9,27,76,25.5,2.1,3.7
2009,9,28,69,27.6,6.1,3.3
2009,9,29,82,24.6,0,2.1
2009,9,30,85,22.1,0,2.8
2010,5,1,51,19.6,12.5,3
2010,5,2,55,20.9,12.3,3.4
2010,5,3,61,23.1,7.4,4.8
2010,5,4,75,21.6,6.5,5.5
2010,5,5,70,23.8,10.3,4.1
2010,5,6,61,27.3,11.1,6.9
2010,5,7,77,23.8,0.2,6.6
2010,5,8,63,23,10.6,4.6
2010,5,9,53,26.9,11,3.8
2010,5,10,64,22.4,3.8,3.3
2010,5,11,84,19.5,0,2.6
2010,5,12,67,21.3,3,2.8
2010,5,13,38,22,10.6,4.9
2010,5,14,63,17.9,2.9,3.4
2010,5,15,55,18.5,8.7,3.8
2010,5,16,64,20.7,8.3,3.2
2010,5,17,66,24.3,12.7,3.3
2010,5,18,58,25.9,11.4,7.4
2010,5,19,75,22.3,1.6,8.2
2010,5,20,88,22.8,0,4.2
2010,5,21,63,29.4,12.8,3.5
2010,5,22,59,27.1,7.7,3.3
2010,5,23,84,20,0,2.9
2010,5,24,89,24.8,0,5.4
2010,5,25,67,27,9.1,7.7
2010,5,26,78,22.7,2.1,5.1
2010,5,27,78,21.7,5.3,3.5
2010,5,28,65,22.1,5.5,3.1
2010,5,29,71,17.4,0,3.9
2010,5,30,70,17.8,0.5,4.2
2010,5,31,60,21.6,9.5,2.9
2010,6,1,62,22.7,12.3,3.5
2010,6,2,61,24.3,13.5,3
2010,6,3,63,24.7,13,3.2
2010,6,4,67,24,12,4.4
2010,6,5,72,24.7,7.8,3.9
2010,6,6,63,25.1,10.7,2.9
2010,6,7,64,27.7,7.2,2.6
2010,6,8,74,22.8,0,2.9
2010,6,9,82,20.7,0,2.9
2010,6,10,69,27.7,12.2,3.5
2010,6,11,71,25.7,4.7,3.2
2010,6,12,70,27.2,12.5,4.8
2010,6,13,69,25.9,4,5.4
2010,6,14,88,21.7,0,4
2010,6,15,80,27.1,8.7,3.9
2010,6,16,80,28.2,5.9,6.3
2010,6,17,63,31.3,10.4,3.7
2010,6,18,83,27.9,1,4.1
2010,6,19,79,29.9,4,6.2
2010,6,20,80,27,0.3,7.6
2010,6,21,78,27.2,4.2,6
2010,6,22,77,28.2,2.7,3.8
2010,6,23,86,25.9,0.4,5.4
2010,6,24,73,27.7,6.4,3.1
2010,6,25,71,29.5,7.8,3.6
2010,6,26,81,27.2,0,6.3
2010,6,27,83,27.5,0.9,7.2
2010,6,28,79,32.6,1.7,2.2
2010,6,29,87,27,0,2.5
2010,6,30,80,28.7,3.3,2.8
2010,7,1,77,30.1,5,2.4
2010,7,2,76,30.4,3.9,3.3
2010,7,3,80,28.9,0.7,4.7
2010,7,4,80,31.5,4.1,2.8
2010,7,5,79,30,1.9,3.3
2010,7,6,76,30.8,2.9,2.9
2010,7,7,83,27.9,0.1,4.5
2010,7,8,76,29.7,10,3.7
2010,7,9,81,27.6,0.2,5
2010,7,10,65,29.7,11.6,5.9
2010,7,11,74,28.6,1.7,4.9
2010,7,12,77,29.3,0.9,12.7
2010,7,13,82,27.9,0.1,3.5
2010,7,14,76,30.5,8.2,7.2
2010,7,15,73,31.6,9.3,8.3
2010,7,16,73,31.5,12.5,6.3
2010,7,17,71,31.2,9.6,5.1
2010,7,18,70,32.2,10.6,5.7
2010,7,19,66,32.3,11.5,6.2
2010,7,20,71,32.2,10.2,3.7
2010,7,21,62,37.3,10.9,3
2010,7,22,68,35,10.8,2.9
2010,7,23,71,35,6.6,2.8
2010,7,24,69,35.7,10.4,3.3
2010,7,25,68,32.3,9.3,3.6
2010,7,26,70,32.5,8,3.5
2010,7,27,67,32.6,12.7,6.4
2010,7,28,62,33.5,12.6,7.6
2010,7,29,79,28.4,0.6,7.9
2010,7,30,81,29.8,0.5,5.9
2010,7,31,77,31.3,3,3.4
2010,8,1,76,32.4,5.8,3.3
2010,8,2,73,33.1,3.4,5.2
2010,8,3,72,32.1,8.2,5.6
2010,8,4,72,32.1,9.1,5.4
2010,8,5,68,34.5,12.5,5.7
2010,8,6,71,32.2,7.2,5.3
2010,8,7,69,32.4,12.1,5.1
2010,8,8,73,31.5,5.9,4.2
2010,8,9,80,28.4,0.4,3.8
2010,8,10,77,30.4,4.1,4.1
2010,8,11,75,32.1,4.9,5.5
2010,8,12,75,31.8,2.7,9.3
2010,8,13,75,30.3,3.1,3.9
2010,8,14,79,31.6,1.7,6.9
2010,8,15,73,32.9,9.5,5.5
2010,8,16,71,35.9,9.8,3.4
2010,8,17,69,36.2,11.9,3.3
2010,8,18,75,34.4,5.1,3.7
2010,8,19,75,32.9,3.9,4.2
2010,8,20,70,30.8,2.7,3.3
2010,8,21,68,33.2,9.1,3
2010,8,22,71,32.1,11.7,4.5
2010,8,23,73,34.1,11.3,4.3
2010,8,24,71,33,11.7,5
2010,8,25,70,32.5,11.3,4.8
2010,8,26,66,32.7,11.5,4.6
2010,8,27,69,33.4,11.2,3.9
2010,8,28,65,33.3,11.2,4.8
2010,8,29,69,33.2,10,4.2
2010,8,30,67,35.4,10.5,2.5
2010,8,31,68,36.1,10.3,3.2
2010,9,1,69,35,8.2,3.2
2010,9,2,72,32.1,1,3.5
2010,9,3,70,33.2,11.8,5.1
2010,9,4,61,36.2,10.7,3.7
2010,9,5,70,33.4,5.9,3.7
2010,9,6,70,33.3,10,6.1
2010,9,7,66,33.5,7.9,8.4
2010,9,8,84,29.2,0,5
2010,9,9,70,28.3,8.1,5.2
2010,9,10,65,29.9,4.8,2.5
2010,9,11,72,31.3,11.2,4.1
2010,9,12,77,31.9,7.2,3.6
2010,9,13,76,31.7,6.5,3.2
2010,9,14,73,30.8,5.6,3.7
2010,9,15,69,26.4,1.5,4.4
2010,9,16,88,22.9,0,3
2010,9,17,75,28.6,7.9,1.8
2010,9,18,68,30.2,8.6,3.1
2010,9,19,73,29.3,9.3,2.7
2010,9,20,74,29.4,2.9,2.2
2010,9,21,74,31.3,8.2,2
2010,9,22,73,32.8,10.6,4.1
2010,9,23,87,24.5,0,4.9
2010,9,24,75,20,0,4.4
2010,9,25,70,22.3,4.8,4.5
2010,9,26,61,24.4,5.7,2.7
2010,9,27,91,17.7,0,4
2010,9,28,90,23.7,0.1,2.8
2010,9,29,61,25.5,5.7,3.5
2010,9,30,86,21.3,0,2.9
2011,5,1,74,20.2,0,8.2
2011,5,2,48,24.5,9.9,3.8
2011,5,3,75,18.8,0.2,3.6
2011,5,4,66,20.9,10.5,3.7
2011,5,5,64,18.4,1.1,4.8
2011,5,6,71,19.5,2.1,3.1
2011,5,7,82,19.4,0,3.6
2011,5,8,68,25,11.7,3
2011,5,9,53,24,7.8,4.1
2011,5,10,73,26.7,1.1,5.6
2011,5,11,87,16.8,0,3.4
2011,5,12,90,17.3,0,2.9
2011,5,13,80,24.4,3.1,4
2011,5,14,51,23.8,10.7,4
2011,5,15,33,24.5,11.4,5.5
2011,5,16,55,24.7,3.2,6.5
2011,5,17,72,21.2,0.2,4.8
2011,5,18,65,24.2,9,3.5
2011,5,19,58,25.4,13,5.3
2011,5,20,65,25.2,12.1,6.2
2011,5,21,71,25.5,11,7.1
2011,5,22,79,26.3,5.3,6.6
2011,5,23,70,18.3,0,3.7
2011,5,24,79,17.9,2.1,3.1
2011,5,25,68,21.7,11,2.5
2011,5,26,72,23.4,1.5,3.4
2011,5,27,74,21.2,0,3
2011,5,28,90,20.9,0,2.6
2011,5,29,91,19,0,4.4
2011,5,30,76,20.2,0,5.3
2011,5,31,62,17.4,6.1,5.8
2011,6,1,63,18.8,2.5,3.1
2011,6,2,84,18.2,0,2
2011,6,3,78,23.9,7.1,2.5
2011,6,4,73,26.1,10.9,4.4
2011,6,5,72,25,4.1,5.9
2011,6,6,63,29.2,11.8,3.1
2011,6,7,72,24.7,0.8,3.2
2011,6,8,79,23.7,2.1,2.6
2011,6,9,73,26.2,5.6,2.7
2011,6,10,74,26.6,2.9,4.7
2011,6,11,84,23.4,0.1,4.2
2011,6,12,71,27.4,1.8,2.8
2011,6,13,83,23.5,0,2.6
2011,6,14,74,23.6,0.4,3.3
2011,6,15,62,23.6,1.3,3.7
2011,6,16,76,23.6,0,3.5
2011,6,17,87,21.8,0.1,3.3
2011,6,18,82,23,0,2.2
2011,6,19,82,24.9,0.5,2.1
2011,6,20,79,25.8,1.3,3.7
2011,6,21,77,27.9,5.7,6.4
2011,6,22,71,31.5,12.8,3.6
2011,6,23,77,27.1,0.4,7.2
2011,6,24,76,29.9,8.3,10.1
2011,6,25,77,27.7,3.2,5
2011,6,26,92,22.3,0,2
2011,6,27,92,26,0,3.5
2011,6,28,75,32.5,7.6,4
2011,6,29,67,35,12.1,2.8
2011,6,30,74,33.9,7,2.6
2011,7,1,77,33.8,5.6,3.2
2011,7,2,80,29.4,3.8,3.1
2011,7,3,77,31.5,8.2,3.8
2011,7,4,76,30.8,7.6,10.4
2011,7,5,71,31.5,8.4,6
2011,7,6,67,32.1,10.4,4.5
2011,7,7,77,29.3,3.5,7.7
2011,7,8,77,30.2,0,5.3
2011,7,9,76,30.5,9.5,4.9
2011,7,10,75,31.5,13.6,5.2
2011,7,11,75,32,12.7,4.5
2011,7,12,75,31.6,10.2,5
2011,7,13,71,31.4,12.3,5.2
2011,7,14,67,32.3,11.9,5
2011,7,15,70,33,13.6,4.2
2011,7,16,74,31.8,11.8,4.5
2011,7,17,73,33.8,10.6,5.3
2011,7,18,75,32.4,5.6,5.7
2011,7,19,85,29.1,0,5.6
2011,7,20,82,30.2,0.2,6.1
2011,7,21,78,23.1,2.5,7.2
2011,7,22,66,25.3,8.6,4.4
2011,7,23,74,24.7,0.2,4.5
2011,7,24,73,28.2,3.9,2.7
2011,7,25,73,30.6,9.1,4.8
2011,7,26,77,29.5,2.4,6
2011,7,27,77,29.8,1.4,5.1
2011,7,28,85,29,0.2,2.5
2011,7,29,85,28.4,0.1,2.3
2011,7,30,87,29.4,0.9,2.3
2011,7,31,84,26.5,0.1,4.3
2011,8,1,78,27.8,4.8,3.6
2011,8,2,76,29.7,5.8,3
2011,8,3,82,30,1.9,2.9
2011,8,4,82,31.8,6,4
2011,8,5,85,30,4.4,3.1
2011,8,6,79,31.2,7.9,3.6
2011,8,7,77,33.3,4.5,2.4
2011,8,8,72,32.6,9.5,2.8
2011,8,9,76,33.8,10.1,3.5
2011,8,10,74,34.3,12.3,5.4
2011,8,11,74,34.3,8.9,4.5
2011,8,12,68,36.3,8,2.8
2011,8,13,75,33.7,6.3,3.1
2011,8,14,75,33.6,9.6,4.6
2011,8,15,73,33.1,10.8,5.7
2011,8,16,73,33.2,7.2,4.2
2011,8,17,72,34.4,10.8,4
2011,8,18,72,34.3,10.7,7.5
2011,8,19,86,30.9,1.4,5.7
2011,8,20,80,25.9,0,2.6
2011,8,21,93,23.3,0,2.8
2011,8,22,93,23.1,0,2.7
2011,8,23,81,31.5,8.9,3.9
2011,8,24,84,30.3,3.8,3.9
2011,8,25,83,29.7,0.7,5.4
2011,8,26,83,31.9,7.7,4.2
2011,8,27,85,27.3,2.3,3.7
2011,8,28,77,30.7,8.1,3.1
2011,8,29,80,29.8,4.8,3.8
2011,8,30,75,31.1,8.8,4.4
2011,8,31,85,30.4,0.4,3
2011,9,1,84,31.5,0.7,4.6
2011,9,2,83,31.2,4,7.1
2011,9,3,77,30.5,5,9.6
2011,9,4,76,30.8,3.7,6.8
2011,9,5,82,29.9,1.1,3.4
2011,9,6,75,28.8,2,3.1
2011,9,7,69,28.9,10.3,3.2
2011,9,8,68,30,11.6,3.3
2011,9,9,75,30.8,8.3,4.3
2011,9,10,76,30.8,10.9,4.4
2011,9,11,81,32,2.2,3.2
2011,9,12,76,30.9,8.9,2.9
2011,9,13,76,31,10.7,4.1
2011,9,14,73,32.4,11.4,3.7
2011,9,15,74,31.3,10.9,3.4
2011,9,16,76,31.4,6.5,4.3
2011,9,17,76,32.4,7.1,5.8
2011,9,18,76,30.6,8.9,4.9
2011,9,19,80,31.4,5.1,4.3
2011,9,20,92,22.1,0,3.7
2011,9,21,87,27.7,0,10.1
2011,9,22,74,29,7.8,5.3
2011,9,23,68,24,2.9,2.4
2011,9,24,60,25.3,9,3.3
2011,9,25,66,24,3.1,4.1
2011,9,26,80,19.9,0.1,2.8
2011,9,27,76,23.4,4.1,3.5
2011,9,28,70,24.4,5.5,3.7
2011,9,29,72,25.8,6,2.9
2011,9,30,75,27.3,4.9,5.5
2012,5,1,77,22,0.6,4.7
2012,5,2,85,20.6,0,5.7
2012,5,3,94,21.9,0,5
2012,5,4,85,22.4,1.5,2.6
2012,5,5,54,26.8,12.2,4.9
2012,5,6,71,26.1,7.6,5.1
2012,5,7,70,23.2,11,3.7
2012,5,8,68,24.1,7.7,2.4
2012,5,9,77,21.8,0,1.9
2012,5,10,78,22.6,6.9,2.6
2012,5,11,48,22.5,10.4,4.6
2012,5,12,39,21.3,5.4,5.4
2012,5,13,46,21.3,12,3.3
2012,5,14,69,23.1,10.4,3.5
2012,5,15,88,20.1,0,4.3
2012,5,16,66,27.4,7.4,3.5
2012,5,17,71,25.6,7.4,4.6
2012,5,18,65,22.8,7.4,4.2
2012,5,19,52,23.5,11.9,3.8
2012,5,20,64,24,5.4,3.4
2012,5,21,66,23.6,7.2,4.4
2012,5,22,88,15.8,0,4.8
2012,5,23,77,23.7,4.8,3.9
2012,5,24,74,27.3,10.3,3.8
2012,5,25,78,21.6,0.2,3
2012,5,26,60,25.7,9.9,3.2
2012,5,27,59,25.8,11.6,3.6
2012,5,28,65,26.1,9,4.6
2012,5,29,72,25.1,7.5,5.6
2012,5,30,73,23.9,6.5,3.2
2012,5,31,76,23.8,2.9,3.5
2012,6,1,76,27.3,2.9,2.7
2012,6,2,74,25.9,6.4,2.7
2012,6,3,76,24.8,6.5,4.1
2012,6,4,72,26.1,10,3.8
2012,6,5,72,24,0,4.6
2012,6,6,80,20.8,0.8,4.5
2012,6,7,70,25.3,9,3.8
2012,6,8,76,27.1,10.8,4.8
2012,6,9,91,21.3,0,5.2
2012,6,10,75,27.3,4.1,3.9
2012,6,11,76,24.6,2.2,3.7
2012,6,12,87,18.1,0,4.8
2012,6,13,75,20.7,1.9,5.3
2012,6,14,71,23.6,8.6,4.1
2012,6,15,73,24.1,4.6,3.2
2012,6,16,91,22.1,0,3.3
2012,6,17,85,26.9,2,3.2
2012,6,18,70,27.8,6.4,3.8
2012,6,19,87,26.7,0.5,6.2
2012,6,20,76,28.5,6.3,11
2012,6,21,74,26.3,0.8,4.3
2012,6,22,85,23,0,3.7
2012,6,23,72,25,0.8,3.4
2012,6,24,75,25.3,2.7,3.6
2012,6,25,73,19.6,0,5.1
2012,6,26,67,23.7,13.4,3.7
2012,6,27,70,25.8,11.3,3.1
2012,6,28,75,25.4,3.6,2.9
2012,6,29,74,26.6,5.3,3.8
2012,6,30,74,27.4,8.1,3.2
2012,7,1,79,25.4,0.9,2.3
2012,7,2,86,25.8,2.3,3.3
2012,7,3,85,26.7,3.4,2.6
2012,7,4,79,28.6,7.7,3.4
2012,7,5,80,28.1,2.9,2.3
2012,7,6,82,28.7,1,2.5
2012,7,7,91,25.4,0,3.7
2012,7,8,81,25.3,3.4,3.2
2012,7,9,77,29.3,8.7,3
2012,7,10,78,29.1,11.3,3.2
2012,7,11,74,31.5,11.2,5.6
2012,7,12,77,28.6,0,8.9
2012,7,13,81,29.9,2.5,7.7
2012,7,14,81,30.4,5,7.3
2012,7,15,77,31.5,6.2,8.7
2012,7,16,73,32.5,11.1,8.9
2012,7,17,70,32.2,11.5,5.5
2012,7,18,78,31.3,6.9,2.6
2012,7,19,72,34.3,6.5,3.6
2012,7,20,76,21.7,0,4.3
2012,7,21,81,22.5,0,2.8
2012,7,22,86,23.2,0,2.4
2012,7,23,79,28.2,6.3,2.7
2012,7,24,79,30.3,1.8,2.3
2012,7,25,79,32.4,7.1,2.8
2012,7,26,75,33.7,9.1,3
2012,7,27,77,32.6,10.8,3.8
2012,7,28,74,32.2,9.6,4.9
2012,7,29,72,33,9.2,5.1
2012,7,30,73,33.2,12.4,5.4
2012,7,31,71,33.3,12.7,3.7
2012,8,1,77,32.5,6.4,3.6
2012,8,2,73,33.3,12,3.3
2012,8,3,72,33.3,11.1,3.8
2012,8,4,77,33.6,6,3.8
2012,8,5,76,32.8,5.9,3.1
2012,8,6,85,29.5,0.5,2.4
2012,8,7,73,33,8.6,3.2
2012,8,8,70,30.3,7.7,4.7
2012,8,9,66,29.7,11.9,3.5
2012,8,10,72,30.8,7.2,3.9
2012,8,11,79,30.7,3.1,4.6
2012,8,12,80,31.1,4.1,3.9
2012,8,13,77,32.7,9.3,7.8
2012,8,14,81,29,1.6,6.6
2012,8,15,76,32.2,6.9,5
2012,8,16,75,32.3,7.8,6.5
2012,8,17,72,35.4,9.4,2.9
2012,8,18,81,29.8,2.1,2.7
2012,8,19,78,30.6,6.2,3.1
2012,8,20,72,32.8,10,2.6
2012,8,21,74,33.7,12.4,4.6
2012,8,22,71,33.9,11.8,5.5
2012,8,23,72,32.9,12.4,4.6
2012,8,24,70,33.9,10.4,3.1
2012,8,25,71,34.6,9,2.9
2012,8,26,69,34.5,8.7,3.1
2012,8,27,73,32.9,8.3,3.2
2012,8,28,71,31.9,8.1,4.1
2012,8,29,71,32,8.9,4.8
2012,8,30,74,33.9,9.4,4.2
2012,8,31,78,31.9,5.1,3.5
2012,9,1,75,31.5,7,3.7
2012,9,2,85,28.2,2.1,3
2012,9,3,77,30.3,6.2,2.8
2012,9,4,81,30.8,5.2,3
2012,9,5,74,33.1,7.6,2.4
2012,9,6,78,31.2,7.5,3.5
2012,9,7,76,31.6,5.8,2.5
2012,9,8,83,31.4,6,2.8
2012,9,9,75,31.6,8.3,3
2012,9,10,73,31.3,11.9,3.2
2012,9,11,73,32.8,10.1,2.5
2012,9,12,69,31.7,9.8,2.4
2012,9,13,68,31.9,11,3.2
2012,9,14,73,31.6,6.5,4.4
2012,9,15,79,29.8,4.4,3.1
2012,9,16,82,32.3,4.6,3.7
2012,9,17,77,31.3,7.4,6.1
2012,9,18,80,30.6,5.4,5.3
2012,9,19,86,29.3,0.1,4.6
2012,9,20,72,29.7,9.5,4
2012,9,21,78,28.5,3.6,2.9
2012,9,22,79,26.7,2.6,3.2
2012,9,23,91,22.3,0,3.9
2012,9,24,71,27.5,8.1,3.2
2012,9,25,84,21.7,0,3.3
2012,9,26,71,24.9,5.4,3.7
2012,9,27,68,23.9,3.7,4.8
2012,9,28,84,23,0,4.3
2012,9,29,80,28.4,4.3,2.8
2012,9,30,78,28.9,5.4,7.3
2013,5,1,69,17.6,4,4.3
2013,5,2,63,18.1,5.1,2.6
2013,5,3,58,18.3,6.2,3.3
2013,5,4,66,19.5,8.9,3.2
2013,5,5,55,22.2,12.3,3.9
2013,5,6,61,24.8,11.1,5.7
2013,5,7,29,20.8,13.4,7.6
2013,5,8,40,20.6,12.9,3.3
2013,5,9,55,22.4,12.7,3.7
2013,5,10,62,27.7,7.9,3.4
2013,5,11,87,21,0,6.7
2013,5,12,78,25.4,8.3,3.5
2013,5,13,77,23.3,2.6,4.5
2013,5,14,75,25.6,11.7,2.8
2013,5,15,73,26,9.1,4.8
2013,5,16,68,25.7,7.1,4.1
2013,5,17,65,23.5,11.7,4.1
2013,5,18,62,24.8,11.5,5.2
2013,5,19,67,23,8.3,5.7
2013,5,20,93,21.7,0,2.9
2013,5,21,75,27.6,6.2,3
2013,5,22,74,27,10,3.5
2013,5,23,58,25.7,9.6,3.6
2013,5,24,55,26.9,13.2,4.2
2013,5,25,68,23.5,4.2,4
2013,5,26,74,24.9,3.1,3.7
2013,5,27,67,24.9,4.7,3.4
2013,5,28,68,25.6,1,5.1
2013,5,29,76,25.6,0.6,5.9
2013,5,30,82,23.6,0,6.9
2013,5,31,62,26.8,9.8,4.6
2013,6,1,68,24.6,6.8,4.1
2013,6,2,72,21.9,6.6,4.8
2013,6,3,69,24.1,7.8,3
2013,6,4,69,27,11,3.3
2013,6,5,70,26,12,5.1
2013,6,6,73,24.2,1.5,3.3
2013,6,7,70,24.8,2.8,3.5
2013,6,8,72,26.1,5.7,3.5
2013,6,9,71,28.7,8.7,2.6
2013,6,10,77,24.5,0.3,3
2013,6,11,80,22.9,0,3
2013,6,12,89,24.5,0.5,4
2013,6,13,94,21.8,0,5.2
2013,6,14,90,26.9,0.2,3.4
2013,6,15,88,27,0.1,2.1
2013,6,16,89,24.4,1.9,3.3
2013,6,17,80,29.9,4.4,2.7
2013,6,18,76,28.9,5.6,4.6
2013,6,19,83,27.1,0.1,9.2
2013,6,20,90,23.6,0,5.4
2013,6,21,88,23.1,0,3.4
2013,6,22,78,26.5,7.4,2.8
2013,6,23,78,27.2,3.4,2.9
2013,6,24,81,28.5,2.1,2.3
2013,6,25,82,28.9,2.1,2.6
2013,6,26,89,23.4,0,4
2013,6,27,67,27.1,9.2,4.3
2013,6,28,77,25.3,0.9,3.3
2013,6,29,78,28.2,4.3,3.1
2013,6,30,77,26,2.7,3.9
2013,7,1,78,25,0,3.6
2013,7,2,68,27.6,8.9,3.4
2013,7,3,70,27.3,2.2,6.4
2013,7,4,81,27.1,0,6.7
2013,7,5,84,28.3,0,9.3
2013,7,6,78,30.3,7.7,9.9
2013,7,7,77,31.6,12.2,5.4
2013,7,8,74,34.5,10.5,2.6
2013,7,9,76,34.5,11.2,2.8
2013,7,10,73,34.2,11.4,4
2013,7,11,73,32.8,10.9,3.6
2013,7,12,66,35.2,10.6,2.5
2013,7,13,72,33.9,4.4,2.5
2013,7,14,70,35.2,5.7,3.1
2013,7,15,67,35.7,6.3,3.6
2013,7,16,65,30.1,6,3.4
2013,7,17,78,29.6,1.7,3
2013,7,18,75,31.6,8.1,4.5
2013,7,19,66,30.5,10.6,4.5
2013,7,20,67,27.3,6,3.6
2013,7,21,66,29.8,6.9,2.6
2013,7,22,78,29,3.3,2.8
2013,7,23,78,34.8,5.9,3
2013,7,24,88,26.9,0,3.5
2013,7,25,81,30,2.5,2.6
2013,7,26,81,31.5,4.5,2.6
2013,7,27,80,32,6.7,3.3
2013,7,28,75,31.9,8.5,2.5
2013,7,29,85,27.1,0,3.9
2013,7,30,80,31.5,1.2,2.6
2013,7,31,81,29.9,0.2,3.2
2013,8,1,83,32.6,3.2,3.5
2013,8,2,76,28.6,1.6,3.5
2013,8,3,70,31.1,7.1,3.3
2013,8,4,74,30.7,7.1,3.6
2013,8,5,74,32.4,8,5.2
2013,8,6,82,31.1,3.8,3.2
2013,8,7,70,34.1,11.8,2.9
2013,8,8,73,33.3,8.5,3
2013,8,9,76,33.3,10.5,3.9
2013,8,10,70,37.4,9.6,2
2013,8,11,70,38.4,9,2.3
2013,8,12,74,35.7,4.6,2.9
2013,8,13,71,33.1,5.7,3.1
2013,8,14,66,33.9,10,3.1
2013,8,15,71,33.4,11.1,3.6
2013,8,16,72,32.4,10.3,4.9
2013,8,17,71,32.9,9,5.4
2013,8,18,65,34.1,12.1,6.3
2013,8,19,69,33.5,12.3,6
2013,8,20,68,34.9,8.4,6.5
2013,8,21,78,34,3.5,3.7
2013,8,22,79,33.9,4.2,3
2013,8,23,81,32.4,1.8,2.4
2013,8,24,74,32.5,2.8,3
2013,8,25,78,26.5,0,2
2013,8,26,68,29.7,4.6,3.1
2013,8,27,72,30.7,8.5,3.4
2013,8,28,62,32.5,11.3,3.1
2013,8,29,70,31.5,11.9,4.8
2013,8,30,73,33.6,9.9,6.6
2013,8,31,75,33.7,11.3,6.3
2013,9,1,72,34.4,11,5.9
2013,9,2,72,34.2,10.1,4.6
2013,9,3,74,32,7.1,4
2013,9,4,81,31.7,4.1,5.3
2013,9,5,85,29.8,2.1,4.5
2013,9,6,78,28.5,1.9,4.4
2013,9,7,80,29.1,1,3
2013,9,8,89,29.7,0.6,3.8
2013,9,9,74,28.1,8,3
2013,9,10,75,27.6,4,3
2013,9,11,82,27.2,0.1,2.9
2013,9,12,73,30.6,9.4,2.4
2013,9,13,76,31.1,6.9,2.7
2013,9,14,76,32,7,3.4
2013,9,15,85,30.7,2.3,4.5
2013,9,16,68,28.7,0.1,10.5
2013,9,17,53,28,11,3.6
2013,9,18,53,28.2,11.1,2.9
2013,9,19,62,28.4,10.7,2.9
2013,9,20,67,28.7,10.4,2.9
2013,9,21,67,29.3,10.4,3.1
2013,9,22,71,30.7,4.8,3.2
2013,9,23,65,25.9,5.9,5.7
2013,9,24,78,27.5,4,3.6
2013,9,25,93,24.9,0,3
2013,9,26,73,23.9,1.6,5.3
2013,9,27,47,23.1,10.7,3.3
2013,9,28,61,23.7,5.4,3.2
2013,9,29,63,26.3,6.8,3
2013,9,30,72,24.8,2.7,3.9
2014,5,1,75,22.5,6.7,6.2
2014,5,2,69,25.3,10.9,2.7
2014,5,3,64,25.3,9.8,3.7
2014,5,4,35,23,11.7,4.3
2014,5,5,73,20,0,5.7
2014,5,6,74,18.5,0.1,4.7
2014,5,7,60,20.9,9.6,3.3
2014,5,8,64,22.3,4.3,6.1
2014,5,9,66,24.3,12.3,5.5
2014,5,10,37,25,11.8,4.4
2014,5,11,36,25.4,13,3.3
2014,5,12,57,22.5,9.2,7.4
2014,5,13,85,22,0.8,4.6
2014,5,14,68,28.1,6.6,3.5
2014,5,15,74,22.1,0.7,3
2014,5,16,51,25.8,9.9,4.1
2014,5,17,42,26.6,12.8,5.5
2014,5,18,52,25.2,12.8,3
2014,5,19,65,25.8,7.5,2.7
2014,5,20,68,24,7.3,2.5
2014,5,21,85,19.3,0.1,5.5
2014,5,22,69,23.4,8.2,3.1
2014,5,23,64,22.9,9.1,3.2
2014,5,24,67,24.1,12.5,5.5
2014,5,25,72,23.9,4.4,5.4
2014,5,26,71,24.2,2.8,7.7
2014,5,27,83,25.8,2.4,3.8
2014,5,28,73,26.3,7.3,3.6
2014,5,29,74,25.6,10.4,3.7
2014,5,30,71,27.1,11.2,3.4
2014,5,31,70,31.7,11.8,3.5
2014,6,1,74,31.4,12.5,3.7
2014,6,2,68,31.5,10.1,3.1
2014,6,3,73,28.8,7,3.1
2014,6,4,70,28.3,7.9,4
2014,6,5,78,22.3,0,3.9
2014,6,6,91,20.3,0,5.7
2014,6,7,91,19.3,0,4.9
2014,6,8,90,22.6,0,2.6
2014,6,9,84,26.3,1.2,2.6
2014,6,10,83,26.9,1.7,2.9
2014,6,11,89,23.6,0,3
2014,6,12,89,24.3,0.3,4.1
2014,6,13,65,28.4,12.7,4.3
2014,6,14,55,29,11.5,3.2
2014,6,15,59,30.3,13.3,3.1
2014,6,16,67,29.1,11.4,3.1
2014,6,17,69,27.9,8.2,3.2
2014,6,18,75,23.8,0,2.8
2014,6,19,64,28.6,12,3.8
2014,6,20,63,27.5,11.5,5.7
2014,6,21,72,27.5,3.4,4.3
2014,6,22,83,23.9,0.1,2.4
2014,6,23,73,27.1,5.3,3.3
2014,6,24,77,26.4,0.8,2.6
2014,6,25,83,26.1,2.3,3.3
2014,6,26,80,27.1,3.8,2.7
2014,6,27,76,27.6,3.9,3.7
2014,6,28,88,24.3,0,3.4
2014,6,29,85,29,3.7,2.8
2014,6,30,77,27,1.9,3.5
2014,7,1,72,29.8,5,2.8
2014,7,2,69,30.2,12.2,3.3
2014,7,3,79,27.1,3.5,3.5
2014,7,4,88,23.2,0,3.5
2014,7,5,82,24.7,1.6,3.6
2014,7,6,77,27.5,6.3,2.9
2014,7,7,86,25.8,0.2,3.6
2014,7,8,67,31.6,12.1,3.1
2014,7,9,83,26.4,0,3.6
2014,7,10,80,30.4,1.5,7.2
2014,7,11,78,31.9,6.1,4.2
2014,7,12,64,33,7.6,2.9
2014,7,13,73,29.2,0.3,4.7
2014,7,14,76,31.6,7.3,4.4
2014,7,15,66,32.2,9.5,2.9
2014,7,16,74,32.8,11.3,3.1
2014,7,17,74,31.4,5.3,3.9
2014,7,18,80,28.1,0.1,3.3
2014,7,19,83,26.8,0,2.5
2014,7,20,80,29.7,3.9,2.4
2014,7,21,78,27.8,3.6,2.7
2014,7,22,77,30.2,10.1,3.4
2014,7,23,75,32,7,3
2014,7,24,73,33,1.8,2.8
2014,7,25,68,35,12.5,3.2
2014,7,26,75,33.1,12.3,3.8
2014,7,27,72,34,10.1,5.4
2014,7,28,61,30.4,10.5,4.3
2014,7,29,64,30.9,8.1,3
2014,7,30,72,30.5,10,3.9
2014,7,31,76,31.9,9.9,3.5
2014,8,1,72,33.3,11,4.6
2014,8,2,66,33.7,12.1,3.5
2014,8,3,64,33.5,11.7,5
2014,8,4,71,32.3,8.8,7.9
2014,8,5,69,33.2,13.1,10.2
2014,8,6,69,33.4,13,8.5
2014,8,7,64,34.1,11.1,7.1
2014,8,8,71,31,3.1,4.2
2014,8,9,81,27.2,0,4.9
2014,8,10,80,31.7,3.5,8.4
2014,8,11,68,32.1,6.1,9.8
2014,8,12,82,31.2,1.1,5
2014,8,13,80,31.1,6.8,2.7
2014,8,14,85,30.6,0.7,3.4
2014,8,15,73,32.4,12.5,7.8
2014,8,16,80,33.2,4.9,5.1
2014,8,17,75,31.8,8.1,3.8
2014,8,18,72,32.8,11.6,5.4
2014,8,19,71,33.1,12.8,6.1
2014,8,20,70,34,12,3.8
2014,8,21,71,33.9,10.5,3.5
2014,8,22,70,33.4,11.3,4.9
2014,8,23,76,30.7,2.2,5.6
2014,8,24,69,31.7,5.6,4.8
2014,8,25,74,28.8,0.4,3.2
2014,8,26,81,27,0.1,3.4
2014,8,27,84,23.9,0,3.4
2014,8,28,92,21.8,0,3
2014,8,29,82,26.1,0,2.9
2014,8,30,81,25.5,1.4,3.6
2014,8,31,78,26,1.2,3.1
2014,9,1,88,23.8,0,3.1
2014,9,2,74,29.7,8.7,3
2014,9,3,74,26.6,3.3,3.1
2014,9,4,70,28.3,4.4,3.5
2014,9,5,75,31.1,5.7,4.6
2014,9,6,77,30.7,5.1,3.5
2014,9,7,87,25.1,0,2.5
2014,9,8,84,23.7,0,2.3
2014,9,9,74,27.2,6.3,3.9
2014,9,10,77,27.3,1.5,2.7
2014,9,11,86,23.6,0.6,2.1
2014,9,12,65,28.1,7.9,2.7
2014,9,13,65,26.8,6.4,3.2
2014,9,14,64,28.1,9.4,2.5
2014,9,15,70,26.7,1.7,2.4
2014,9,16,68,28.3,8.4,2.6
2014,9,17,63,26.6,1.7,3.9
2014,9,18,48,25.5,3.5,2.8
2014,9,19,44,25.3,3.9,2.2
2014,9,20,71,21.9,0,2.3
2014,9,21,59,26.2,9.9,2.6
2014,9,22,64,26.7,8.2,2.5
2014,9,23,61,27,9,2.6
2014,9,24,65,26.1,0.9,4.5
2014,9,25,79,29.3,2.3,6.2
2014,9,26,65,26.9,9,3.9
2014,9,27,65,23.4,6.5,4.4
2014,9,28,65,25.7,9,4.3
2014,9,29,57,28,11.1,3.6
2014,9,30,66,27.4,8.3,2.4
2015,5,1,65,26,12.3,2.4
2015,5,2,67,27.4,12.2,2.5
2015,5,3,67,26.7,11,2.9
2015,5,4,69,25.5,7.1,6.5
2015,5,5,48,22,5.5,4.6
2015,5,6,50,23.8,10.1,2.9
2015,5,7,62,26,7.1,3.4
2015,5,8,66,27,10.2,2.9
2015,5,9,73,21.3,0,2.4
2015,5,10,53,26.6,10.4,3.5
2015,5,11,40,22.1,11.9,4.2
2015,5,12,68,23.7,2.1,8.8
2015,5,13,52,26.2,11.3,7.7
2015,5,14,49,26.3,10.1,5.9
2015,5,15,60,28,8.5,4.3
2015,5,16,85,22.4,0,3.8
2015,5,17,64,27.8,10.1,3.8
2015,5,18,69,27.2,7.1,4.6
2015,5,19,85,23.4,0,4.6
2015,5,20,72,27.6,7,3
2015,5,21,63,26.3,9.1,4.1
2015,5,22,54,25.5,11.6,5.4
2015,5,23,57,25.1,9.5,4.4
2015,5,24,61,25.2,3.9,3.9
2015,5,25,66,25.3,5,3.4
2015,5,26,55,29.8,11.5,3.3
2015,5,27,64,29.4,12.6,4.2
2015,5,28,72,26.2,5.3,3.2
2015,5,29,84,22.7,0,3.3
2015,5,30,67,28.4,7.2,4
2015,5,31,67,31.6,7.5,3.9
2015,6,1,54,27.9,11.7,4.5
2015,6,2,64,27,8.6,4.5
2015,6,3,87,23,0,4
2015,6,4,40,29.6,11,5.5
2015,6,5,61,22.6,2.3,3
2015,6,6,76,23,2.5,3.3
2015,6,7,62,25.9,7.6,3
2015,6,8,67,25,6.8,4.6
2015,6,9,87,21.6,0,4.2
2015,6,10,68,27.9,10.1,3.4
2015,6,11,75,27.2,3.6,2.8
2015,6,12,86,23.8,0,2.3
2015,6,13,79,28.7,3,2.8
2015,6,14,81,26.3,0.6,3.2
2015,6,15,73,29.1,12.4,3
2015,6,16,76,27.2,0.8,2.2
2015,6,17,73,27.7,3,3
2015,6,18,76,24.9,0.7,4.2
2015,6,19,87,22,0,3.7
2015,6,20,68,26.6,9.7,3.3
2015,6,21,80,24.4,0.3,2.4
2015,6,22,75,26.9,3.1,2.6
2015,6,23,75,28.5,7.9,2.9
2015,6,24,70,29.8,12.3,2.7
2015,6,25,72,28.3,8.4,3.4
2015,6,26,84,25.3,0.2,3.4
2015,6,27,86,25.3,0.1,2.7
2015,6,28,73,27.7,8,3.8
2015,6,29,68,26,8.3,3.7
2015,6,30,76,25.7,2.8,3.9
2015,7,1,90,26.3,0,6.1
2015,7,2,88,24.6,1.1,3.4
2015,7,3,89,25.2,0,4.3
2015,7,4,87,26.4,0,3.6
2015,7,5,92,21.7,0,2
2015,7,6,92,21.2,0,2.4
2015,7,7,89,23.6,0,1.8
2015,7,8,89,26.4,0.2,2.1
2015,7,9,91,21.1,0,2.9
2015,7,10,79,28.4,10.3,2
2015,7,11,79,30,12.7,3.7
2015,7,12,76,30.6,11.7,3.7
2015,7,13,70,33.2,12,8.1
2015,7,14,65,32.9,13.3,9.1
2015,7,15,70,33.8,10.6,5.8
2015,7,16,83,29.5,0.6,7.4
2015,7,17,77,31.1,3.8,7.5
2015,7,18,77,30.6,4.8,7.7
2015,7,19,75,32.4,9.1,6.6
2015,7,20,72,32.4,9,3.9
2015,7,21,66,33.2,13.2,5.6
2015,7,22,65,31.3,13.7,8.8
2015,7,23,79,29.4,2.3,7.8
2015,7,24,78,33.8,7.4,2.8
2015,7,25,75,32.5,11.2,2.8
2015,7,26,68,35.4,12.7,2.8
2015,7,27,72,34,13.1,3.4
2015,7,28,74,34.8,5.4,2.5
2015,7,29,72,32.5,4.4,2.7
2015,7,30,69,35.2,7,2.4
2015,7,31,75,33.7,11.9,3.1
2015,8,1,77,34.9,9.2,3.8
2015,8,2,74,34,11.7,4.3
2015,8,3,72,34.1,11.9,4.2
2015,8,4,71,35.2,12.3,4.9
2015,8,5,71,34,13.1,5.3
2015,8,6,72,33.6,12.7,5.3
2015,8,7,67,38.5,10.3,3.2
2015,8,8,73,32.7,5.1,4.7
2015,8,9,71,34.3,6.4,3.5
2015,8,10,82,32.4,5.3,3.3
2015,8,11,75,34.1,6.5,3.2
2015,8,12,74,34.1,6,2.8
2015,8,13,80,30.9,1.3,3.9
2015,8,14,81,32.4,6.7,3.3
2015,8,15,77,32.3,5.6,2.6
2015,8,16,82,31.4,2.8,3.1
2015,8,17,89,29.7,0.6,4.9
2015,8,18,80,30,1.8,6.5
2015,8,19,70,31.4,4.1,3.3
2015,8,20,82,28.2,0,2.2
2015,8,21,83,30.9,1.1,2.4
2015,8,22,76,32.7,10.8,4.9
2015,8,23,78,30.1,5.4,5.3
2015,8,24,67,27.9,7.3,5.3
2015,8,25,67,24.7,0.5,4.5
2015,8,26,91,25.9,0,3.9
2015,8,27,81,25.7,0.6,2.8
2015,8,28,86,22.8,0,3.9
2015,8,29,90,22,0,3
2015,8,30,91,23,0,2.6
2015,8,31,87,25.5,0,2.4
2015,9,1,87,26.9,0.5,3
2015,9,2,80,30.2,5.9,7.2
2015,9,3,77,30,5,3.5
2015,9,4,80,29.3,7.8,4.5
2015,9,5,68,30.2,5.1,3.2
2015,9,6,82,28.1,2.9,3.2
2015,9,7,88,26.9,0.1,4.2
2015,9,8,93,21.7,0,4.4
2015,9,9,89,26.5,0,6.6
2015,9,10,91,25.3,0,3.3
2015,9,11,77,28.7,7.8,3
2015,9,12,77,28.6,4.5,2.7
2015,9,13,78,28.3,2.9,5.1
2015,9,14,72,26.5,5.9,4.2
2015,9,15,68,26.4,7.6,3.5
2015,9,16,70,25,0.6,3.5
2015,9,17,93,20.2,0,3.2
2015,9,18,92,24.5,0.7,2.4
2015,9,19,80,28.9,7.6,2.4
2015,9,20,63,27.8,7.8,3
2015,9,21,69,27.6,7.1,2.6
2015,9,22,62,27.7,10.8,2.3
2015,9,23,60,27.3,6.8,2.8
2015,9,24,78,24.4,1.5,3.7
2015,9,25,93,20.4,0,3
2015,9,26,89,23.4,0.1,2.1
2015,9,27,88,24.2,0.9,2.1
2015,9,28,76,26.8,10,3.1
2015,9,29,54,25.6,3.1,2.5
2015,9,30,44,25,9.4,3.4
2016,5,1,58,24.5,9.8,3.2
2016,5,2,76,21.8,2.2,3.9
2016,5,3,73,24.2,8.4,5.6
2016,5,4,56,27.2,8.8,10.5
2016,5,5,48,25.2,12.7,5.4
2016,5,6,65,22.7,1.7,4.4
2016,5,7,68,23.5,8.1,6.2
2016,5,8,46,26.6,12.3,3.7
2016,5,9,75,21.9,0,4.6
2016,5,10,87,22.8,2.8,3.4
2016,5,11,78,26,2.7,10.3
2016,5,12,61,25.8,13.2,4.1
2016,5,13,68,24.1,11.5,3
2016,5,14,62,23.9,11.8,4.8
2016,5,15,67,23.4,11.6,3.2
2016,5,16,70,24.2,4.3,4.4
2016,5,17,88,21.8,0,4.3
2016,5,18,51,25.8,13.3,3.5
2016,5,19,52,24.1,12,4.4
2016,5,20,68,19.6,1.7,3.3
2016,5,21,67,25,11.8,3.1
2016,5,22,57,27.5,13,3.3
2016,5,23,53,30,12.6,2.5
2016,5,24,48,28.9,8.6,4.1
2016,5,25,69,26.3,1.4,6.4
2016,5,26,70,28.5,2.9,6
2016,5,27,87,23.5,0,4.1
2016,5,28,76,23.4,1,1.7
2016,5,29,70,28.3,10.5,2.8
2016,5,30,86,21.7,0,2.6
2016,5,31,77,24.9,5.2,3.3
2016,6,1,58,26.3,6.2,3.3
2016,6,2,37,26.3,12,4
2016,6,3,47,23.8,7.7,3.6
2016,6,4,63,26.3,8.6,6.8
2016,6,5,72,22.4,1.3,4.2
2016,6,6,76,24.1,1.7,3.6
2016,6,7,79,22.6,0,3
2016,6,8,76,26,1.4,3.4
2016,6,9,91,24.5,0.1,2.7
2016,6,10,68,28.4,11.7,3.3
2016,6,11,66,28.3,10.8,3.1
2016,6,12,76,27.9,5.2,3.2
2016,6,13,93,22.6,0,5
2016,6,14,71,27.3,7.3,3.6
2016,6,15,81,22.8,0,3.6
2016,6,16,83,24.3,0,4.2
2016,6,17,78,28,8.5,3
2016,6,18,56,32.9,12.8,3.4
2016,6,19,70,29.5,4.5,4.4
2016,6,20,77,28.3,6.2,3.6
2016,6,21,83,25.8,2.8,2.2
2016,6,22,89,24.2,0,2.7
2016,6,23,89,26.9,2.1,3.1
2016,6,24,81,26.6,0.4,3.5
2016,6,25,74,29.2,1.2,9.8
2016,6,26,62,29.3,10.2,4.7
2016,6,27,67,28.5,11,3.9
2016,6,28,88,22.6,0,2.4
2016,6,29,83,25.4,0.1,2.3
2016,6,30,83,27.6,1.3,2.1
2016,7,1,81,30.5,5.7,2.6
2016,7,2,80,30.4,8,4.9
2016,7,3,71,31.4,9.4,5.6
2016,7,4,69,33.9,10.7,3.8
2016,7,5,78,25.4,0.2,4.3
2016,7,6,82,27.3,4.8,3.8
2016,7,7,74,33.9,12.8,4.3
2016,7,8,79,28.8,3.2,3
2016,7,9,89,25.9,0,4
2016,7,10,77,30.8,10.8,2.4
2016,7,11,68,33.4,12.6,2.6
2016,7,12,78,30.5,5.3,3.8
2016,7,13,87,27.6,0,1.5
2016,7,14,84,32.3,3.1,3
2016,7,15,88,25.7,0.2,3.6
2016,7,16,81,26.6,1.2,2.6
2016,7,17,83,28.7,0.3,2.6
2016,7,18,75,32.8,5.7,3.2
2016,7,19,71,32,8,3.1
2016,7,20,76,29.4,5,4.1
2016,7,21,89,24.2,0,3.7
2016,7,22,79,24,0,3.7
2016,7,23,70,26.7,3.8,3.2
2016,7,24,73,28.2,8.6,3.3
2016,7,25,78,27.9,1.9,2.4
2016,7,26,87,25.9,0,2.7
2016,7,27,86,26.4,0,3.9
2016,7,28,81,28.8,4.3,3
2016,7,29,73,31.3,11.5,2.8
2016,7,30,74,32.3,12.3,2.8
2016,7,31,80,30.9,6.2,3.8
2016,8,1,79,30.8,3.6,3.5
2016,8,2,87,29.2,3.3,2.7
2016,8,3,81,32,7.7,2.5
2016,8,4,79,32.4,10.5,2.7
2016,8,5,78,32,13,4
2016,8,6,77,32.4,10.5,3.3
2016,8,7,73,33.2,10.5,3.6
2016,8,8,67,32.5,3.4,4.1
2016,8,9,62,37.7,9,3.6
2016,8,10,72,34,6.2,3.7
2016,8,11,70,29.9,2.9,3.2
2016,8,12,74,29.9,3.4,3
2016,8,13,68,30.4,6.5,3.1
2016,8,14,67,30.1,4.9,2.7
2016,8,15,70,31.7,2.8,3.9
2016,8,16,83,32,2.2,4.2
2016,8,17,75,34.5,7.6,7.3
2016,8,18,86,30.1,1.6,3.2
2016,8,19,82,30.7,6.1,4.2
2016,8,20,90,30.9,2.7,3.2
2016,8,21,82,31.1,5.9,3.1
2016,8,22,92,27.9,0,8.9
2016,8,23,82,31.1,2.5,4.4
2016,8,24,85,30.5,4.5,2.6
2016,8,25,75,32.8,8.1,3.1
2016,8,26,73,32.7,10.9,2.8
2016,8,27,79,28.1,2,4.6
2016,8,28,87,25.1,0,4.1
2016,8,29,85,31.5,4.4,4.6
2016,8,30,76,28.7,1.7,6.6
2016,8,31,61,31.3,10.4,7.2
2016,9,1,68,31.4,11.5,4.1
2016,9,2,78,31.8,3.7,2.9
2016,9,3,79,31.8,5.2,3.9
2016,9,4,79,32,6.2,3.3
2016,9,5,80,30.8,6.4,3.5
2016,9,6,75,31.9,10.8,5.6
2016,9,7,83,29.7,1.7,4.7
2016,9,8,81,32.3,3.9,5.7
2016,9,9,76,31.2,6.5,3
2016,9,10,72,31,5.6,3.4
2016,9,11,91,24.9,0,3
2016,9,12,85,26.9,0.1,3
2016,9,13,92,25.1,0,2.9
2016,9,14,84,26,0,1.9
2016,9,15,83,27.8,0.7,2.5
2016,9,16,85,25.8,0,2.5
2016,9,17,80,28.3,6.9,2.2
2016,9,18,83,27.6,0,5.4
2016,9,19,91,24.1,0,3.7
2016,9,20,94,21.6,0,4
2016,9,21,81,23.4,0.2,3.2
2016,9,22,93,21.4,0,3.2
2016,9,23,94,24.7,0,1.7
2016,9,24,93,24.5,0,1.9
2016,9,25,85,29.1,4.1,1.7
2016,9,26,84,29.5,6.5,2.1
2016,9,27,90,30.1,2,2.2
2016,9,28,84,30.4,3.9,4.5
2016,9,29,82,29.8,2.3,3
2016,9,30,59,24.1,2.1,3.3
2017,5,1,70,23.5,8.2,3
2017,5,2,43,22.3,12.9,3.2
2017,5,3,57,20.3,9.6,4.4
2017,5,4,63,21.8,8.3,4.8
2017,5,5,76,23.1,11.3,2.9
2017,5,6,79,25.8,10.5,5.9
2017,5,7,70,23.9,2.5,4.4
2017,5,8,47,26.4,12.6,3.3
2017,5,9,50,21.9,0.9,3.5
2017,5,10,90,17.2,0,2
2017,5,11,70,25.8,7.6,2.8
2017,5,12,76,27.8,8.5,4.1
2017,5,13,91,19.9,0,4.1
2017,5,14,83,19.3,0.2,3.5
2017,5,15,84,20.9,0.4,2.2
2017,5,16,70,23.1,3.8,3.6
2017,5,17,71,19.7,0.6,2.9
2017,5,18,74,24,5.4,2.4
2017,5,19,74,24.4,12.9,2.8
2017,5,20,72,26.6,12.8,3.3
2017,5,21,65,28,12.4,3.2
2017,5,22,62,26.4,12.2,5.3
2017,5,23,62,27.2,12.9,6.4
2017,5,24,73,25.3,3.9,5.2
2017,5,25,81,24.9,0.1,2.5
2017,5,26,89,21.6,0.3,3.4
2017,5,27,74,26.8,8.9,4.4
2017,5,28,64,27.3,8.4,3.1
2017,5,29,68,26,11.2,3.9
2017,5,30,71,26.3,12.4,4.5
2017,5,31,75,27.1,4.2,5.7
2017,6,1,78,27,1,3.1
2017,6,2,55,27.2,9.3,4.9
2017,6,3,46,25.3,13.2,2.9
2017,6,4,43,26.3,8,4.4
2017,6,5,53,24.6,9.3,3.9
2017,6,6,59,25,3.3,3.7
2017,6,7,69,23.3,0,4.7
2017,6,8,83,24,1.2,5.3
2017,6,9,69,27.5,5.1,3.6
2017,6,10,67,29.1,9.6,4.8
2017,6,11,60,24.6,3.3,3.9
2017,6,12,52,26.4,6.7,3.6
2017,6,13,81,20.2,0,3.5
2017,6,14,78,24.5,3.7,3.2
2017,6,15,76,25.5,3.3,3.4
2017,6,16,69,27.4,11.2,3.6
2017,6,17,60,27.6,13.3,3.7
2017,6,18,87,21.9,0,3.9
2017,6,19,60,30.3,10.2,4.3
2017,6,20,71,27.9,11.7,3
2017,6,21,85,25.5,0,8.3
2017,6,22,58,28.8,4.5,3.7
2017,6,23,67,30.4,11.8,3.1
2017,6,24,73,29.3,7,3.5
2017,6,25,90,24.1,0,2.6
2017,6,26,77,26.1,0.9,3.1
2017,6,27,84,25.5,0.4,2.8
2017,6,28,85,26,0,1.9
2017,6,29,77,28.4,4.5,2.8
2017,6,30,85,26.2,0,5.2
2017,7,1,83,26,0.6,3.9
2017,7,2,76,30.8,3.7,2.9
2017,7,3,73,33,6.7,3.6
2017,7,4,77,31.4,1.1,3.4
2017,7,5,78,32.3,3.6,3.4
2017,7,6,69,30.4,9.1,3.8
2017,7,7,79,30.1,11.9,2.9
2017,7,8,75,33.4,11.1,2.6
2017,7,9,78,31,12.7,4.1
2017,7,10,77,31.5,11.1,5.2
2017,7,11,76,31.6,9,5.6
2017,7,12,75,32.8,11.1,6.2
2017,7,13,72,32.9,11.2,7.2
2017,7,14,70,31.6,12.4,5.8
2017,7,15,73,31.3,12.4,4.2
2017,7,16,76,31.9,7,3.3
2017,7,17,68,33.3,5.9,3.6
2017,7,18,72,32,3,2.7
2017,7,19,72,32.4,6.7,3.3
2017,7,20,75,32.2,8.3,4.2
2017,7,21,75,32.4,8.1,4.6
2017,7,22,74,33.6,10.9,5.4
2017,7,23,76,29.2,0,6.3
2017,7,24,74,32.6,2.1,7.6
2017,7,25,79,32,1.4,6.4
2017,7,26,89,28.2,0,3.8
2017,7,27,87,24.3,0,2.9
2017,7,28,81,33.2,6.4,2.7
2017,7,29,80,32,2.2,2.9
2017,7,30,78,31.1,0.6,3.6
2017,7,31,76,32.8,11.8,2.9
2017,8,1,84,31.6,0.4,3.6
2017,8,2,79,25.3,1.2,4.1
2017,8,3,76,27.9,0.3,3.3
2017,8,4,85,29.4,0,2.7
2017,8,5,82,33.2,5.7,2.1
2017,8,6,80,33.4,3,2.9
2017,8,7,80,33.9,5,5.2
2017,8,8,74,32.9,5.9,5.6
2017,8,9,77,36,10.1,3.2
2017,8,10,84,28,0,3.5
2017,8,11,88,24.7,0,3.4
2017,8,12,85,27.9,0.9,2.7
2017,8,13,80,31.6,5.7,2.8
2017,8,14,89,27,0,2.6
2017,8,15,92,27,0,3.6
2017,8,16,92,24.1,0,3.8
2017,8,17,84,28.8,0.4,3
2017,8,18,81,30.9,4.6,2.3
2017,8,19,88,30.5,1.5,2.6
2017,8,20,83,29.7,1,2.8
2017,8,21,82,31.2,1.8,2.7
2017,8,22,82,31.3,5.7,3.8
2017,8,23,70,34.7,7.4,2.5
2017,8,24,64,35.1,8.3,2.6
2017,8,25,68,36.3,7.3,2.7
2017,8,26,71,33.4,6.1,3.5
2017,8,27,60,30.4,4.1,3.7
2017,8,28,75,31.2,5.3,3.1
2017,8,29,76,32.6,5.1,6.2
2017,8,30,80,32.3,5,4.6
2017,8,31,87,24.2,0,5
2017,9,1,74,23.7,0.3,5.2
2017,9,2,76,24.3,3.3,4.2
2017,9,3,67,26.5,8.6,3
2017,9,4,81,23.8,0,2.5
2017,9,5,83,28,2.3,2.5
2017,9,6,95,23.9,0,2.3
2017,9,7,93,25.5,0,2.2
2017,9,8,84,27.8,4.7,2.6
2017,9,9,72,29.4,9.1,2.6
2017,9,10,72,30,10.7,3.2
2017,9,11,70,31.1,8,4.9
2017,9,12,87,27.8,0.4,6.7
2017,9,13,68,30.3,8.2,3.8
2017,9,14,71,31,5.1,2.9
2017,9,15,56,28.4,5.2,2.9
2017,9,16,73,23,0,3.7
2017,9,17,95,24.6,0,3.9
2017,9,18,65,30.7,10.9,7.4
2017,9,19,67,28.1,3.7,2.4
2017,9,20,73,26.5,0,4
2017,9,21,49,29.4,10,3.7
2017,9,22,70,27.5,3.4,4.4
2017,9,23,81,23,0.4,3.7
2017,9,24,72,26.5,2.7,2.1
2017,9,25,72,28.7,6,2.6
2017,9,26,75,27.2,7.8,2.9
2017,9,27,70,26.8,1,5.1
2017,9,28,90,23.9,0,3
2017,9,29,69,24.9,9.9,2.5
2017,9,30,72,23.9,2,2.3
2018,5,1,59,28.9,12.3,2.9
2018,5,2,73,24.4,4,3.6
2018,5,3,71,27.3,2.9,9.4
2018,5,4,51,21.9,10.5,7.1
2018,5,5,49,23.4,12.9,4.2
2018,5,6,58,25.6,10.8,6.2
2018,5,7,83,20.6,0.1,7.1
2018,5,8,86,14.6,0,4.1
2018,5,9,85,14.1,0.2,3.9
2018,5,10,78,16.1,4.2,1.9
2018,5,11,59,21.8,12.5,4.4
2018,5,12,66,23.4,11.3,4.5
2018,5,13,80,23,1.2,5.5
2018,5,14,67,29.5,8.7,3.3
2018,5,15,61,27.2,12.5,4.5
2018,5,16,56,26.8,11,6.8
2018,5,17,75,26.8,5.4,6.1
2018,5,18,81,26.6,3.9,2.9
2018,5,19,79,24.9,2.8,5.7
2018,5,20,45,20.5,11.6,4.2
2018,5,21,40,27,11,2.6
2018,5,22,51,27.2,13.4,3.2
2018,5,23,79,22.2,1.2,2.6
2018,5,24,78,26.7,5.5,2.9
2018,5,25,64,28,9.5,5
2018,5,26,59,25.3,3.1,3.2
2018,5,27,75,25.8,6.7,2.8
2018,5,28,75,25.4,0.6,3.9
2018,5,29,75,26.4,3.3,4.1
2018,5,30,80,26.1,0,3.2
2018,5,31,81,22.4,1.1,4.1
2018,6,1,59,27.7,8.3,3.5
2018,6,2,62,27.1,10.9,2.9
2018,6,3,62,28.5,12.8,3
2018,6,4,63,28.3,10.1,2.6
2018,6,5,72,28.2,8,2.4
2018,6,6,87,23.3,0,2.4
2018,6,7,82,26.1,7.9,2.8
2018,6,8,78,27.4,6.5,5.2
2018,6,9,78,32,9.4,4.2
2018,6,10,86,22,0,4.8
2018,6,11,96,21.9,0,4.2
2018,6,12,86,26.6,2,2.9
2018,6,13,78,25.2,4.3,3.3
2018,6,14,75,24.5,1.2,3.9
2018,6,15,89,20.9,0,4.6
2018,6,16,86,18.2,0,3.7
2018,6,17,77,22.2,1.2,2.9
2018,6,18,82,22.9,0,3.5
2018,6,19,72,28.4,8.2,3.4
2018,6,20,95,23.5,0,3.5
2018,6,21,90,23.3,0,2.7
2018,6,22,81,27.1,7.1,2.9
2018,6,23,90,23,0,1.9
2018,6,24,86,26.6,4.5,2.3
2018,6,25,75,31,13,2.9
2018,6,26,77,29.8,9.1,4.6
2018,6,27,78,29.5,8.9,11
2018,6,28,82,29.5,4.4,9.4
2018,6,29,78,31.5,12.9,8.8
2018,6,30,73,31.8,12.8,7
2018,7,1,74,31.3,12.9,6
2018,7,2,76,32.1,13.7,6.2
2018,7,3,70,32.4,11.9,7.1
2018,7,4,76,30.9,2.3,10.7
2018,7,5,83,28.8,1.3,11.7
2018,7,6,94,27.2,0,6.6
2018,7,7,78,31.7,7.2,5
2018,7,8,80,30.2,8.6,4.9
2018,7,9,81,31.3,7.6,4
2018,7,10,77,32.4,10.4,4.3
2018,7,11,77,32.5,7.8,3.5
2018,7,12,78,30.5,3.3,3.3
2018,7,13,77,32.3,9.2,3.7
2018,7,14,72,35,7.7,3.2
2018,7,15,78,33.2,12.4,3.8
2018,7,16,77,33.2,9.8,4.9
2018,7,17,78,33.1,9.5,5.5
2018,7,18,79,33.3,8.4,4.6
2018,7,19,76,32.6,11.9,5.2
2018,7,20,74,34.2,13.1,5.8
2018,7,21,75,33.2,12.5,5.7
2018,7,22,77,34,10.1,4.2
2018,7,23,62,37.4,9.4,3.3
2018,7,24,78,34.6,5.7,3.3
2018,7,25,77,32.5,5.8,3.9
2018,7,26,66,30.1,3.2,3.6
2018,7,27,73,28.1,2.3,4.1
2018,7,28,93,28.4,0.1,6.1
2018,7,29,84,32.7,5.3,5.9
2018,7,30,83,32.4,3.6,2.8
2018,7,31,77,33.6,11.2,2.8
2018,8,1,75,33.9,13,3.6
2018,8,2,71,37,8.3,2.4
2018,8,3,72,36.1,9.4,2.9
2018,8,4,78,33.8,7.3,3.1
2018,8,5,76,33.8,11.6,4.6
2018,8,6,82,32.3,3.8,4.4
2018,8,7,93,24.8,0,4.3
2018,8,8,95,26.3,0,5.7
2018,8,9,84,30.4,0.9,7.7
2018,8,10,79,31.8,12.1,6.4
2018,8,11,80,32.5,5.9,3.1
2018,8,12,86,32.1,1.7,2.2
2018,8,13,84,33.5,7.2,3.7
2018,8,14,77,33.5,11.3,5.9
2018,8,15,74,33.6,11.5,8
2018,8,16,76,31.9,7.9,9.6
2018,8,17,41,31.1,10.2,4.6
2018,8,18,53,27.1,11.3,3.1
2018,8,19,58,28.9,9.1,2.9
2018,8,20,78,26.9,0.1,2
2018,8,21,83,32.7,8.5,3.8
2018,8,22,77,34,11.1,5.3
2018,8,23,76,34.6,8.1,5.9
2018,8,24,76,31.7,2.2,10.6
2018,8,25,77,33.2,11.8,7.4
2018,8,26,74,34.9,12.2,2.6
2018,8,27,72,36.7,11,3.3
2018,8,28,81,31.9,3.8,3.1
2018,8,29,84,29.9,1.6,3
2018,8,30,78,33.1,8.4,5.3
2018,8,31,75,33.3,9.8,5.8
2018,9,1,79,31.5,3.1,4.7
2018,9,2,87,25.1,0,2.3
2018,9,3,88,28.1,0.3,2.1
2018,9,4,81,31.9,1.8,7.8
2018,9,5,75,31.4,8.5,10.3
2018,9,6,68,31.3,6.1,7.6
2018,9,7,77,31.1,3.1,9.3
2018,9,8,76,31.8,9.3,7.9
2018,9,9,73,32.7,10.2,6.2
2018,9,10,87,29.4,1,4.2
2018,9,11,76,25.1,3.1,4.8
2018,9,12,67,24.7,4,3.4
2018,9,13,74,26.2,3.7,2.5
2018,9,14,86,25.1,0.4,2
2018,9,15,90,23.3,0.1,1.8
2018,9,16,84,25.7,0.2,1.9
2018,9,17,81,31.3,7.2,2.8
2018,9,18,81,27.4,2.8,2.5
2018,9,19,65,27.2,8.6,3.6
2018,9,20,76,24.6,0,3.2
2018,9,21,97,20.7,0,4.1
2018,9,22,87,25.4,1.2,1.6
2018,9,23,71,29.3,4.4,3.4
2018,9,24,85,29,2.4,2.4
2018,9,25,95,23.7,0,3.1
2018,9,26,88,20.5,0,3.5
2018,9,27,90,18.9,0.1,3.8
2018,9,28,71,26.3,11,2.4
2018,9,29,86,23.1,0.1,2.6
2018,9,30,93,27.6,0.3,5.3
2019,5,1,88,22.4,1.8,3.1
2019,5,2,68,23.3,6.3,1.9
2019,5,3,61,23.5,9.9,2.7
2019,5,4,69,23.6,6.4,3.3
2019,5,5,66,22.7,10.6,2.7
2019,5,6,65,22.7,6.7,5.3
2019,5,7,60,18.7,1.2,2.6
2019,5,8,42,20.9,13,4.9
2019,5,9,54,21.9,2.8,6.2
2019,5,10,49,26.9,10,2.7
2019,5,11,62,26,11.6,2.9
2019,5,12,65,21.7,5.3,4.6
2019,5,13,64,22,2.4,3.8
2019,5,14,75,21.4,0,4.5
2019,5,15,71,22,2.6,3.3
2019,5,16,62,24.9,10,3.4
2019,5,17,61,25.2,11.3,3.9
2019,5,18,59,25.4,8.5,4.6
2019,5,19,58,24.8,6,5
2019,5,20,69,24.6,3.1,5.9
2019,5,21,91,21.6,0,7.6
2019,5,22,54,25,9.9,3.8
2019,5,23,40,27.3,11.7,3.1
2019,5,24,51,29.9,13.2,2.9
2019,5,25,56,31,13.3,3.5
2019,5,26,63,30.6,11.3,3.1
2019,5,27,55,30,12.7,3.1
2019,5,28,60,27.2,1.8,8.8
2019,5,29,78,23,1.2,4.5
2019,5,30,54,25.7,11.9,3.5
2019,5,31,63,25.2,2.1,4.7
2019,6,1,65,25.6,7.2,3.6
2019,6,2,67,25.2,3,2.6
2019,6,3,66,26.1,5.9,3.5
2019,6,4,66,26.9,6.7,2.8
2019,6,5,70,25.2,2.8,3.5
2019,6,6,67,31.1,10.4,3.4
2019,6,7,87,23.8,0,2.3
2019,6,8,86,22.6,0,2.7
2019,6,9,79,20.5,0,3.8
2019,6,10,93,19,0,4.2
2019,6,11,69,23.3,1.3,3.8
2019,6,12,67,22.4,2.2,2.7
2019,6,13,65,25,13.4,3.5
2019,6,14,64,26.5,7.8,4.2
2019,6,15,90,20.7,0,3.6
2019,6,16,59,27.5,11.6,7.5
2019,6,17,40,29.1,9.6,5
2019,6,18,68,26.9,5.3,4.1
2019,6,19,68,27.3,13.1,3.9
2019,6,20,76,27.8,4.2,3.2
2019,6,21,76,28,3.6,4.4
2019,6,22,80,26.1,0.4,4.1
2019,6,23,80,23.7,0,2.7
2019,6,24,88,21,0.6,3.2
2019,6,25,75,26.6,5.1,2.9
2019,6,26,71,28.3,12.8,4.3
2019,6,27,77,28.5,4,7
2019,6,28,81,29.7,1.7,4.2
2019,6,29,92,22,0,2.3
2019,6,30,91,27.5,0.1,5.1
2019,7,1,91,25.9,0,1.9
2019,7,2,86,26.9,0.8,2.9
2019,7,3,80,28.7,2.6,2.4
2019,7,4,88,26.2,0,5.5
2019,7,5,78,25,1.1,2.9
2019,7,6,88,22.9,0,4.1
2019,7,7,91,21.6,0,5.1
2019,7,8,75,23.6,4,4.7
2019,7,9,73,22.9,0.4,3.3
2019,7,10,71,24.1,5,3.8
2019,7,11,70,24.9,2.1,3
2019,7,12,91,22.7,0,2.8
2019,7,13,81,27.7,1.4,2.4
2019,7,14,91,23.9,0,2.8
2019,7,15,81,25.3,0.1,4
2019,7,16,92,22.4,0,2.6
2019,7,17,84,28.3,3.1,2.3
2019,7,18,82,29.8,2.5,2.5
2019,7,19,77,30,5,4.5
2019,7,20,75,29.8,0.3,2.4
2019,7,21,87,28.7,0,2.9
2019,7,22,90,25,0,2.3
2019,7,23,91,27.9,0.1,2.1
2019,7,24,79,31,5.4,3
2019,7,25,75,31.2,9.9,3.9
2019,7,26,68,33.2,8.8,5.6
2019,7,27,73,32.6,6.1,6.7
2019,7,28,79,32.7,3.8,5.5
2019,7,29,77,32.1,9,4.4
2019,7,30,76,32.4,8.8,4.8
2019,7,31,76,32.7,11.1,5.1
2019,8,1,76,33.4,8.8,4
2019,8,2,75,33.5,11.1,4.3
2019,8,3,71,31.9,12.8,4.1
2019,8,4,71,33.1,10,3.2
2019,8,5,73,33.9,6.3,3.2
2019,8,6,72,32.8,12.2,5
2019,8,7,70,33.6,10.4,5.1
2019,8,8,70,32.9,10.8,5.1
2019,8,9,68,33.9,11.2,5.3
2019,8,10,70,32.6,11.3,4.8
2019,8,11,73,34,5.7,3.2
2019,8,12,78,33.7,5,3.3
2019,8,13,79,33.2,3.5,3.2
2019,8,14,80,32.4,5.2,4.7
2019,8,15,74,33.2,5,7.2
2019,8,16,74,30,0.1,10.3
2019,8,17,69,33,12.1,6.1
2019,8,18,67,34.6,10.1,2.6
2019,8,19,80,31.1,0.9,3.4
2019,8,20,80,31.8,2.7,3.4
2019,8,21,75,31.3,4.5,3.2
2019,8,22,79,30.4,1.3,2.9
2019,8,23,82,29.5,0.2,5.5
2019,8,24,73,30.3,6.7,3.3
2019,8,25,65,31.4,7.3,3.1
2019,8,26,68,28.8,4.4,3.4
2019,8,27,73,30.2,4,3
2019,8,28,82,29.4,0.3,8.7
2019,8,29,72,32.3,7.9,6.6
2019,8,30,78,28.9,0.7,6.8
2019,8,31,70,31.4,7.6,4.1
2019,9,1,71,31.9,7,2.8
2019,9,2,71,32.2,10.6,3.5
2019,9,3,79,29.5,1.6,3.4
2019,9,4,78,26,0,2.7
2019,9,5,74,31,6.2,2.4
2019,9,6,75,31.8,8.1,2.4
2019,9,7,75,32.6,5,2.7
2019,9,8,76,33.1,7.1,4.9
2019,9,9,76,32.5,5.5,10
2019,9,10,73,34.7,8.6,2.4
2019,9,11,79,32.1,7.6,3.1
2019,9,12,63,28.3,6.4,4.2
2019,9,13,61,24.7,0,3.2
2019,9,14,74,27.5,2.2,2.7
2019,9,15,68,29.6,4,3.7
2019,9,16,92,24.6,0,3.2
2019,9,17,73,30.7,10,3.8
2019,9,18,83,23.8,0.1,2.7
2019,9,19,66,26.7,6.6,3
2019,9,20,61,26.7,7.4,3.2
2019,9,21,67,24.9,0.1,3.1
2019,9,22,75,27.5,4,3.5
2019,9,23,76,31.8,5.9,8.4
2019,9,24,68,30.2,5.2,3.7
2019,9,25,63,28.1,7,3
2019,9,26,65,26.4,6.6,3.3
2019,9,27,67,28.3,8.3,2.8
2019,9,28,67,27.5,5.8,3.1
2019,9,29,79,26.9,0.5,2.8
2019,9,30,66,29.3,7.6,2.7
2020,5,1,63,23,10.7,6.5
2020,5,2,68,25,12.3,4.4
2020,5,3,64,25.3,8.2,6.2
2020,5,4,82,20.5,0,3.7
2020,5,5,74,27.7,6,4.1
2020,5,6,87,18.9,0.1,2.6
2020,5,7,58,21.5,9.1,3.2
2020,5,8,50,21.8,11.1,3.3
2020,5,9,58,21.7,3,6.1
2020,5,10,83,23.8,0.3,9.2
2020,5,11,76,26.5,7.5,4.8
2020,5,12,74,26.6,4.1,4
2020,5,13,59,27.1,12.3,4.6
2020,5,14,40,24.6,11.9,4.1
2020,5,15,46,25.9,9.2,5.4
2020,5,16,82,21.9,0,5.1
2020,5,17,73,26,12.1,3
2020,5,18,83,21.8,0,3.5
2020,5,19,88,21.3,0,4.3
2020,5,20,80,15.6,0.1,3.8
2020,5,21,78,15.8,0,2.7
2020,5,22,89,17.4,0,3.2
2020,5,23,83,21.8,3.4,2.3
2020,5,24,71,25.3,6.5,3.1
2020,5,25,66,25,8.4,3
2020,5,26,80,24.1,0.2,2.5
2020,5,27,76,26.3,4.9,2.5
2020,5,28,59,24.5,5.7,3.6
2020,5,29,62,25.6,13,3.3
2020,5,30,67,26,9.6,3
2020,5,31,65,24.6,0.3,3.8
2020,6,1,77,22.7,0,4
2020,6,2,78,25.5,4.5,2.5
2020,6,3,75,28.5,4.5,2.2
2020,6,4,75,29.4,5.3,3.3
2020,6,5,71,27.9,10.7,4.4
2020,6,6,71,29.2,3.9,3.6
2020,6,7,65,26.7,7.9,3.3
2020,6,8,71,27.6,7.2,2.9
2020,6,9,65,29.6,13.1,4.9
2020,6,10,65,29,11,7.6
2020,6,11,77,30,3.6,9.6
2020,6,12,81,29.8,4.7,5.6
2020,6,13,93,24.4,0,2.5
2020,6,14,93,24.9,0,3.5
2020,6,15,71,32,7.4,3.4
2020,6,16,64,28.6,6.8,3.5
2020,6,17,59,28,13.1,3.8
2020,6,18,76,26,0,2.3
2020,6,19,92,21.4,0,2.8
2020,6,20,70,26.9,10.9,3.4
2020,6,21,70,25.8,1.8,3.8
2020,6,22,91,21.2,0,4.6
2020,6,23,83,27.4,2.7,3.3
2020,6,24,83,24.4,0.1,3.5
2020,6,25,90,22.9,0.1,2.8
2020,6,26,84,30.1,5,2.9
2020,6,27,80,29.8,1.5,1.9
2020,6,28,86,24.5,0.2,2.6
2020,6,29,71,28.6,3.8,3.2
2020,6,30,80,28.9,0.6,6.3
2020,7,1,81,27.9,0.2,10.9
2020,7,2,66,29.8,11.2,7.5
2020,7,3,74,28.2,2.7,3.3
2020,7,4,84,28.4,0.3,8.9
2020,7,5,80,28.5,4,6.8
2020,7,6,83,28.1,0,8.2
2020,7,7,80,29.2,0.4,11.2
2020,7,8,81,30.1,1.4,9.7
2020,7,9,83,28.3,0,6.6
2020,7,10,78,29.6,0.6,5.9
2020,7,11,81,30.4,3.3,10.1
2020,7,12,79,31.9,6.4,5.4
2020,7,13,85,24.5,0.2,3.5
2020,7,14,86,27.2,0.1,4.5
2020,7,15,89,22.1,0,3.4
2020,7,16,83,24.6,0.2,2.9
2020,7,17,92,20.4,0,2.5
2020,7,18,95,22.8,0,2
2020,7,19,87,27.1,7.4,3.4
2020,7,20,78,31.4,6.7,2.4
2020,7,21,83,29.2,1.4,2.3
2020,7,22,88,28,0.5,2.9
2020,7,23,89,25.9,0,1.8
2020,7,24,82,28,0.3,1.9
2020,7,25,89,28.1,0.6,3.8
2020,7,26,87,30.7,4.6,5.3
2020,7,27,79,31.2,3.6,5.9
2020,7,28,83,30.7,1.8,6.1
2020,7,29,80,26.6,0,3.8
2020,7,30,82,25.3,0,2.5
2020,7,31,83,28.6,3.5,2
2020,8,1,73,30.5,7,3.1
2020,8,2,68,31.9,9.7,3
2020,8,3,70,32.6,11.3,2.7
2020,8,4,73,31.8,10.9,3
2020,8,5,74,32.9,9.3,3.2
2020,8,6,73,33.2,9.7,4.6
2020,8,7,70,32.5,10.8,5.9
2020,8,8,74,33,4.9,2.9
2020,8,9,70,33,8.5,4.6
2020,8,10,71,34.2,9.7,3.9
2020,8,11,67,34.6,13,6.7
2020,8,12,71,33.9,8.5,3.9
2020,8,13,67,35.3,9.4,2.8
2020,8,14,70,34.6,10.3,3.6
2020,8,15,72,34.8,9.6,2.7
2020,8,16,70,34.3,8.3,3.3
2020,8,17,73,34.7,9.6,2.6
2020,8,18,68,34.2,4.4,3.4
2020,8,19,69,34.3,9.1,3
2020,8,20,71,32.3,12.4,3.8
2020,8,21,71,33.8,12,3.3
2020,8,22,72,35.7,7.2,3
2020,8,23,87,27.1,0.3,2.2
2020,8,24,74,31.8,8.4,3.2
2020,8,25,70,32.3,9.5,2.9
2020,8,26,75,33.2,9.7,2.9
2020,8,27,78,33.4,7.6,3.3
2020,8,28,76,33.8,7.1,3.7
2020,8,29,74,33.2,12.3,4.3
2020,8,30,71,33.4,10.7,3.5
2020,8,31,75,32.2,5.9,3.7
2020,9,1,81,27.9,0.7,3
2020,9,2,84,32.7,2.9,3.2
2020,9,3,78,33,7.5,5.9
2020,9,4,75,33.5,10.6,4.1
2020,9,5,77,32.7,4.8,3.4
2020,9,6,84,30.3,3.7,3.4
2020,9,7,77,33,3.1,6
2020,9,8,73,32.6,8.5,6.4
2020,9,9,68,32.2,11.3,5.6
2020,9,10,72,32,5,4.1
2020,9,11,74,31.9,7.2,3.2
2020,9,12,88,26.1,0,3.2
2020,9,13,84,27.7,1.7,3.1
2020,9,14,86,25.9,0.2,2.9
2020,9,15,76,27.8,3.1,2.7
2020,9,16,81,27.4,0.7,2.8
2020,9,17,79,28.7,5.7,3
2020,9,18,73,31.7,6.3,9.9
2020,9,19,75,28.6,0.9,4.4
2020,9,20,68,25.2,0.1,2.4
2020,9,21,75,25.8,3.9,2
2020,9,22,76,26.1,3.8,3.2
2020,9,23,90,23.8,0,3.2
2020,9,24,93,21.2,0,3.8
2020,9,25,94,21.4,0,4
2020,9,26,88,21.6,0,3.5
2020,9,27,82,22.8,0.1,2
2020,9,28,65,26.6,9,2.7
2020,9,29,63,22.9,2.3,3.6
2020,9,30,61,24.2,9.6,3
2021,5,1,66,23.2,6.7,5.5
2021,5,2,52,20.5,8.8,8.6
2021,5,3,40,20.5,11,4.6
2021,5,4,44,22.6,11.7,3.1
2021,5,5,69,21.2,1.6,8.9
2021,5,6,69,23.2,6.1,3.3
2021,5,7,76,20.6,0.7,2.7
2021,5,8,68,23.3,7.3,4.7
2021,5,9,59,25.4,8.9,7
2021,5,10,39,23.8,11.4,3.6
2021,5,11,48,19.7,0.6,3.5
2021,5,12,52,21.2,5.5,3.7
2021,5,13,86,19.2,0,2.8
2021,5,14,72,25.9,10.3,2.8
2021,5,15,68,25.9,1.9,4.3
2021,5,16,73,23.5,2.6,4.7
2021,5,17,83,25.7,0.1,10.5
2021,5,18,82,23.6,0.7,4.3
2021,5,19,94,18.9,0,1.8
2021,5,20,85,22.9,0.9,2.8
2021,5,21,83,25.5,0,9.7
2021,5,22,75,21.9,0.2,5.8
2021,5,23,75,23.2,7.9,3.2
2021,5,24,66,25.7,5.6,3.7
2021,5,25,59,28.5,7.6,4.2
2021,5,26,61,24.7,9.3,3.7
2021,5,27,84,19.9,0,3
2021,5,28,67,25,5.1,4
2021,5,29,64,26.7,5.2,6.8
2021,5,30,66,25.4,7.3,4.1
2021,5,31,62,24.2,10.3,4
2021,6,1,70,24.8,8.2,3.6
2021,6,2,65,24.4,4.3,3.6
2021,6,3,65,25.9,8.4,4.6
2021,6,4,85,25.6,0,8
2021,6,5,73,25.9,2.1,3.6
2021,6,6,79,22.7,0.9,3.5
2021,6,7,69,27.1,3.1,2
2021,6,8,61,29.3,10.1,2.6
2021,6,9,51,30.3,13.4,3.1
2021,6,10,68,28.8,11.9,3.2
2021,6,11,61,28.8,11.4,4.2
2021,6,12,66,27.7,7.4,4.8
2021,6,13,64,27.7,5.3,4.6
2021,6,14,81,23.6,0,2.6
2021,6,15,74,29,5.6,2.3
2021,6,16,68,26.5,0.6,3.7
2021,6,17,67,26.7,8.6,3.9
2021,6,18,64,26.4,10.8,4
2021,6,19,82,23.5,0,4
2021,6,20,80,28.1,0.7,3.4
2021,6,21,74,26.6,4.2,3.6
2021,6,22,70,26.6,2.6,3
2021,6,23,74,25,0.6,3
2021,6,24,75,25,1.9,3.3
2021,6,25,67,27.5,4.3,3.9
2021,6,26,68,28.1,5.5,2.7
2021,6,27,75,26.5,1,2.8
2021,6,28,70,28,7.8,3.1
2021,6,29,83,27.9,2,4.1
2021,6,30,78,24.2,0,2.9
2021,7,1,89,23.2,0,2.6
2021,7,2,96,24.7,0,3.9
2021,7,3,90,24.3,0,3
2021,7,4,94,21.4,0,2.3
2021,7,5,90,24.9,0.2,1.5
2021,7,6,82,28.3,0.6,1.7
2021,7,7,81,30.4,1.9,2.4
2021,7,8,89,25.2,0,2.9
2021,7,9,92,27.2,0,2.1
2021,7,10,79,32.9,10.4,3.1
2021,7,11,77,30.8,7.6,2.3
2021,7,12,74,30.5,9.4,2.4
2021,7,13,82,27,1.6,2.3
2021,7,14,77,30,4.1,3.2
2021,7,15,81,29.4,3.5,3.2
2021,7,16,75,31.9,9.5,3.6
2021,7,17,71,31.5,11.9,2.9
2021,7,18,74,30.7,11.4,4.3
2021,7,19,75,32.2,8.6,3.8
2021,7,20,72,31.5,11.8,3.5
2021,7,21,66,32.7,12.8,3
2021,7,22,67,32.3,9.6,3.2
2021,7,23,69,32.3,9.5,3.7
2021,7,24,65,32.9,10.6,3
2021,7,25,68,31.7,9.8,3.2
2021,7,26,66,30.7,5.2,3.8
2021,7,27,77,29.9,2.7,4.5
2021,7,28,75,31.9,7.2,4.6
2021,7,29,71,32.9,5.1,5.6
2021,7,30,77,31.1,3.7,3
2021,7,31,70,32.3,9.7,2.6
2021,8,1,72,32,11.3,3.6
2021,8,2,76,31.7,4.6,3.9
2021,8,3,75,32.9,8.9,4.9
2021,8,4,72,32.7,12.1,3.5
2021,8,5,67,33.5,12.6,2.8
2021,8,6,70,33.8,9.9,3.2
2021,8,7,81,30.6,3.8,3.6
2021,8,8,90,28.9,0,4.4
2021,8,9,72,31.7,4.9,10
2021,8,10,58,32.9,12.6,7.7
2021,8,11,54,33.6,6.7,3.2
2021,8,12,79,29.4,0.6,2.9
2021,8,13,87,26.3,0,3.6
2021,8,14,88,27.9,0,7.3
2021,8,15,94,21.6,0,3
2021,8,16,86,23.4,0,2.6
2021,8,17,85,27.7,0.4,3.6
2021,8,18,70,31.9,10.2,6.9
2021,8,19,73,32.2,12.3,6
2021,8,20,71,31.9,11.1,5.7
2021,8,21,74,30,4.9,4.3
2021,8,22,73,31.4,4.1,5.4
2021,8,23,79,29.5,3.5,2.5
2021,8,24,72,30.3,3.4,3.3
2021,8,25,72,32,5.4,4.9
2021,8,26,68,35.5,11.1,2.3
2021,8,27,72,34,9.6,3.1
2021,8,28,73,34.3,8.7,2.1
2021,8,29,68,32.4,6.3,3.7
2021,8,30,68,32.8,11.2,3.6
2021,8,31,65,31.9,3.4,3.9
2021,9,1,85,24.1,0,2.5
2021,9,2,92,21.7,0,2.6
2021,9,3,92,22.1,0,2.7
2021,9,4,88,25.8,0.3,3.3
2021,9,5,82,24.7,1.2,3.7
2021,9,6,78,21.7,0.1,3.2
2021,9,7,64,25.1,7.2,3.6
2021,9,8,73,25.3,2.7,2.5
2021,9,9,94,23.1,0,2.1
2021,9,10,76,30,4.4,2.7
2021,9,11,79,28.5,4.6,2.1
2021,9,12,85,26.3,0,2.4
2021,9,13,68,29.5,6.7,3.5
2021,9,14,74,26.4,0.3,3.8
2021,9,15,76,27.7,6.9,3.1
2021,9,16,67,26.5,7.1,3.9
2021,9,17,70,25.5,1,2.8
2021,9,18,85,27.1,0.3,5.5
2021,9,19,69,27.5,8.8,4.5
2021,9,20,64,27.3,10.6,3.4
2021,9,21,68,27.6,5.3,3.1
2021,9,22,76,29.9,6.3,3.9
2021,9,23,67,30.4,10,4.5
2021,9,24,63,29.8,10.3,2.8
2021,9,25,67,25.2,2,4.6
2021,9,26,66,22.3,0,3
2021,9,27,67,24.8,6.4,3.7
2021,9,28,67,26.1,6.2,3.4
2021,9,29,73,26.5,4.6,2.9
2021,9,30,75,28,2.1,2.5
