year,month,day,temp,humidity,sun,wind
2008,5,1,24.9,64,7.9,4.3
2008,5,2,20.5,83,0,2.2
2008,5,3,21.4,86,1.2,3.5
2008,5,4,21,81,0,2.7
2008,5,5,20.9,77,0.2,3.5
2008,5,6,24.4,37,12.7,5.8
2008,5,7,26.3,55,11.6,2.7
2008,5,8,23.6,45,8.3,2.7
2008,5,9,23.2,44,2.6,2.9
2008,5,10,16.4,75,0,2.6
2008,5,11,13.6,76,0,3.4
2008,5,12,14.8,67,0,2.9
2008,5,13,13.4,78,0,5.2
2008,5,14,17.1,81,1.2,2.4
2008,5,15,22,70,10.2,2.4
2008,5,16,23,68,7.3,2.3
2008,5,17,23.3,70,5.7,2.6
2008,5,18,23.4,69,8.4,2.6
2008,5,19,23.1,81,1.9,3.3
2008,5,20,24.4,69,0.4,5.4
2008,5,21,24.9,52,10.2,3.3
2008,5,22,25.6,64,9.6,4.1
2008,5,23,29.1,64,9.9,2.3
2008,5,24,25.7,75,4.1,2.9
2008,5,25,23.1,87,0,1.9
2008,5,26,27.4,74,8,3.1
2008,5,27,27.8,54,13,3.4
2008,5,28,25.7,66,3.8,3
2008,5,29,18.7,87,0,3.1
2008,5,30,17.2,85,0,3.3
2008,5,31,13.9,89,0,4.4
2008,6,1,24.2,71,11.3,2.9
2008,6,2,20.4,80,0,2
2008,6,3,16.1,88,0,4.1
2008,6,4,23.1,76,1.5,3.3
2008,6,5,20.8,83,0.1,1.9
2008,6,6,27.6,72,9.6,3.3
2008,6,7,26,62,6.4,3.4
2008,6,8,23.9,77,0.5,2.3
2008,6,9,22.9,83,0.5,2.3
2008,6,10,27,71,11.8,2.7
2008,6,11,25.2,79,2.3,2.4
2008,6,12,20.8,80,1.1,2.3
2008,6,13,28,64,13.2,3
2008,6,14,28.1,59,11.2,3.1
2008,6,15,25.2,62,6.4,3.3
2008,6,16,27.2,66,11.3,2.4
2008,6,17,25.9,72,7.2,2.6
2008,6,18,26.2,71,2.6,2.9
2008,6,19,26.3,73,2.4,4.9
2008,6,20,23.3,86,0,4.3
2008,6,21,25.4,86,0,2.5
2008,6,22,23.7,90,0,2.5
2008,6,23,23.7,81,0.2,2.9
2008,6,24,25.9,76,9.3,4.2
2008,6,25,25.7,72,2.5,2.7
2008,6,26,19.2,83,0,2.5
2008,6,27,25.2,73,6.6,2.2
2008,6,28,25.3,76,0.3,2.3
2008,6,29,22.5,89,0,2.7
2008,6,30,24.7,77,2.4,2.9
2008,7,1,25.6,75,5.5,2.7
2008,7,2,27.6,73,9.5,3.5
2008,7,3,26.7,78,2.3,5.2
2008,7,4,29.6,79,7.9,5
2008,7,5,30.6,77,7.2,2.4
2008,7,6,30.5,81,4.8,2.6
2008,7,7,25.9,86,0,2.1
2008,7,8,26.1,82,0.2,2.5
2008,7,9,26.6,71,2.4,1.8
2008,7,10,28.1,70,4.4,2.5
2008,7,11,29.1,72,5.6,4.2
2008,7,12,33.3,70,9.4,2.4
2008,7,13,32.2,72,9,2.7
2008,7,14,32,73,4.5,2.3
2008,7,15,30.5,69,3.9,2.7
2008,7,16,31.3,73,6.6,2.9
2008,7,17,31.7,73,7.3,3
2008,7,18,31.1,75,1.2,3.5
2008,7,19,32,68,10.4,3
2008,7,20,31.7,69,8.3,2.7
2008,7,21,31.2,74,5.9,2.9
2008,7,22,32.4,73,12.3,4
2008,7,23,31.9,74,9.7,4.6
2008,7,24,33.7,70,9.1,4
2008,7,25,33.9,70,11.3,3.3
2008,7,26,31.2,74,6.9,2.8
2008,7,27,33.7,74,5.5,2.7
2008,7,28,32.5,67,3,1.7
2008,7,29,33.9,70,6.4,2.6
2008,7,30,30.7,69,6.3,3
2008,7,31,30.1,68,8.8,2.5
2008,8,1,31.1,73,4.1,2.7
2008,8,2,32.3,76,5.8,3.5
2008,8,3,33,75,11,4.8
2008,8,4,34,72,10,3.5
2008,8,5,31.5,81,0.7,2.2
2008,8,6,33.5,72,11.3,2.4
2008,8,7,34.6,70,8.8,3.1
2008,8,8,34.5,72,10.8,3.2
2008,8,9,33.4,72,6.5,2.8
2008,8,10,30.4,70,2.4,2.2
2008,8,11,32.7,75,9.2,2.1
2008,8,12,31.9,72,6.2,2.8
2008,8,13,32.5,72,4.6,4
2008,8,14,33.4,68,8,4.3
2008,8,15,35,66,12.6,4.3
2008,8,16,33.9,70,7.3,3.1
2008,8,17,26.5,84,0,2.9
2008,8,18,29.4,71,7.7,2.7
2008,8,19,34.5,73,7.9,4.4
2008,8,20,32.2,68,10.2,2.3
2008,8,21,30.7,69,7.2,2.6
2008,8,22,25.4,67,2.7,3.5
2008,8,23,22.9,77,0,2.7
2008,8,24,24.2,89,0,3
2008,8,25,23.1,90,0,3.3
2008,8,26,22.7,88,0,3.6
2008,8,27,28.5,77,5.4,2.9
2008,8,28,27.7,88,0.3,2.3
2008,8,29,30,82,5,2.1
2008,8,30,29.1,86,2.2,2.6
2008,8,31,30.4,80,6.5,2.7
2008,9,1,30.8,78,5.7,1.8
2008,9,2,32.1,77,8.5,2.7
2008,9,3,31.9,73,10.9,3.6
2008,9,4,29.8,79,3.1,2.7
2008,9,5,29.6,78,6.4,2.5
2008,9,6,30.8,79,6.4,2.1
2008,9,7,30.9,78,5.9,2.2
2008,9,8,30.2,69,8.2,2.5
2008,9,9,29.3,48,11.3,3.4
2008,9,10,28.7,61,8.5,3.4
2008,9,11,26.1,71,2.2,4.2
2008,9,12,31.1,68,11.1,2.4
2008,9,13,30.2,71,8,1.9
2008,9,14,28.8,73,4.8,2.3
2008,9,15,26.5,76,0.9,2.1
2008,9,16,24.4,85,1.9,2.2
2008,9,17,28.7,74,8.7,2.4
2008,9,18,23.9,83,0,1.6
2008,9,19,25.2,85,0,1.9
2008,9,20,28,77,3.7,3.8
2008,9,21,25.4,86,1.4,1.9
2008,9,22,22.1,87,0.6,3
2008,9,23,27.8,74,5.3,2.1
2008,9,24,27.7,56,8.2,3.2
2008,9,25,28.6,68,4.8,4.7
2008,9,26,28.7,64,0.7,7
2008,9,27,22.9,43,1.6,3.5
2008,9,28,19.5,55,0,3.3
2008,9,29,17.2,81,0,3.9
2008,9,30,17.7,91,0,3.1
2009,5,1,24.4,48,12,3.3
2009,5,2,25,53,12.2,4.1
2009,5,3,23.1,58,3.6,5.1
2009,5,4,23.9,57,8,4.5
2009,5,5,18.9,80,0,2.7
2009,5,6,17.8,86,0,3.9
2009,5,7,17.1,90,0,4.4
2009,5,8,21,83,1.2,3.1
2009,5,9,25.6,69,11.9,3.3
2009,5,10,28.6,69,10.4,2.6
2009,5,11,23.3,79,1.2,2.2
2009,5,12,25.8,73,3.6,3.9
2009,5,13,25.6,62,1.8,3
2009,5,14,23,36,11,5.6
2009,5,15,20,45,12.4,3.8
2009,5,16,18.9,67,0,3.2
2009,5,17,21.1,82,0,6.7
2009,5,18,27.7,56,10.1,3.7
2009,5,19,23,66,1.5,2.9
2009,5,20,29.7,60,12.4,3.1
2009,5,21,27.1,66,7.7,3.9
2009,5,22,24.3,72,2.8,5.5
2009,5,23,27.4,70,7.9,2.9
2009,5,24,21.3,79,0.6,1.9
2009,5,25,22,72,6.5,2.8
2009,5,26,26,67,11.9,2.7
2009,5,27,25.1,67,8.1,2.5
2009,5,28,19.5,80,0,3.8
2009,5,29,18.6,88,0,4.4
2009,5,30,20.7,86,0,2.7
2009,5,31,26.8,80,5.1,2.7
2009,6,1,22,74,3.3,2.5
2009,6,2,26.3,68,12.5,3.8
2009,6,3,24.2,74,0.2,4.5
2009,6,4,23.1,73,1,2.3
2009,6,5,20.1,85,0,1.5
2009,6,6,23.5,84,0.2,3.4
2009,6,7,27.5,70,10.7,3
2009,6,8,20.3,78,0,2.6
2009,6,9,24.6,75,1.1,2.3
2009,6,10,24.8,78,0.4,4.3
2009,6,11,24,82,2.3,2.6
2009,6,12,28.2,50,10.3,3.2
2009,6,13,27.8,70,5.2,2.6
2009,6,14,23.7,79,2.4,2.5
2009,6,15,23.6,78,3.1,2.9
2009,6,16,22.9,81,2.3,2.6
2009,6,17,24.9,76,4.6,2.9
2009,6,18,24.9,75,0.5,2.5
2009,6,19,26.5,76,8,2.7
2009,6,20,27.1,77,5.2,3.3
2009,6,21,23.6,90,0,3.4
2009,6,22,24.5,90,0,2.7
2009,6,23,29,72,4.2,5
2009,6,24,26.2,82,0.5,2.3
2009,6,25,27.3,81,2.1,2
2009,6,26,29.3,73,6.2,2.6
2009,6,27,29.8,70,10,3.3
2009,6,28,24.2,81,0,3.5
2009,6,29,29,70,7.2,3.1
2009,6,30,24.6,85,0,2.2
2009,7,1,27,83,0,2.4
2009,7,2,25.2,87,0,2.3
2009,7,3,26.5,82,0.6,2
2009,7,4,26.8,77,2.8,2.4
2009,7,5,25.6,77,1.5,3.4
2009,7,6,24.1,85,0,3.5
2009,7,7,29,80,9.2,5
2009,7,8,26.3,81,0.4,6.1
2009,7,9,29.6,75,2.2,6.9
2009,7,10,28.7,75,0.7,7.1
2009,7,11,26.8,62,1.3,2.5
2009,7,12,28.1,73,3.2,2.2
2009,7,13,31.1,71,5.6,5.6
2009,7,14,30.2,70,8.2,2.7
2009,7,15,31.5,69,12.8,6.7
2009,7,16,33.3,65,11.5,3.1
2009,7,17,26.8,78,0.1,3.1
2009,7,18,30.1,75,0.2,2.3
2009,7,19,30.3,72,0.7,5.3
2009,7,20,29.8,66,6,3.2
2009,7,21,23.6,84,0,2.1
2009,7,22,26.3,87,0.1,2.6
2009,7,23,27.8,84,1.1,2.1
2009,7,24,27,86,0.6,4.2
2009,7,25,29.5,83,8.5,5.6
2009,7,26,32.1,75,12.6,5.7
2009,7,27,30,82,5.5,4
2009,7,28,28.2,85,1.3,3.1
2009,7,29,30.7,82,3.9,4.5
2009,7,30,32.5,76,10.1,4.2
2009,7,31,25.6,81,1.2,2.9
2009,8,1,28.5,75,4.5,2.6
2009,8,2,25.9,84,0.4,2.1
2009,8,3,29.6,79,7.7,3
2009,8,4,29.4,80,2.1,3
2009,8,5,30.2,79,3.2,2.1
2009,8,6,31,80,3,2.5
2009,8,7,32,75,9.3,4.3
2009,8,8,32.2,74,6.7,1.9
2009,8,9,32.4,78,3,2.2
2009,8,10,27.6,87,0,3
2009,8,11,28.6,81,2.7,2.8
2009,8,12,30.6,76,7,2.9
2009,8,13,33.2,76,7.5,2.5
2009,8,14,30.6,71,1.5,2.8
2009,8,15,30.7,65,10.6,3
2009,8,16,32,63,11.6,2.8
2009,8,17,30.4,68,10.2,3.4
2009,8,18,30.1,69,10,2.8
2009,8,19,30.5,68,5.1,2
2009,8,20,31.2,69,10.6,3.4
2009,8,21,31.7,72,3.6,4.5
2009,8,22,32.7,71,7.1,2.5
2009,8,23,30.6,68,6.4,2.3
2009,8,24,29.4,71,4.6,2.4
2009,8,25,27.6,64,6.1,3
2009,8,26,27.4,62,7.1,3.2
2009,8,27,28.7,66,11.9,2.4
2009,8,28,30.9,64,12.2,3.2
2009,8,29,31.7,67,10.7,3
2009,8,30,26.1,79,0.4,3
2009,8,31,22,90,0,5.8
2009,9,1,30.6,76,6.3,2.2
2009,9,2,23.3,75,0,2.8
2009,9,3,24.5,71,0.4,2.5
2009,9,4,26.4,69,2.9,2.5
2009,9,5,28.6,70,9.2,3.4
2009,9,6,28,69,10.2,3.2
2009,9,7,27.2,73,11.3,2.7
2009,9,8,28.9,72,1.8,3.1
2009,9,9,24,72,0,2.6
2009,9,10,27.9,52,9.1,3
2009,9,11,26.6,63,4,1.7
2009,9,12,22.4,82,0,2.2
2009,9,13,27.5,69,6.7,2.1
2009,9,14,26.2,62,7.9,3
2009,9,15,22.5,78,0,1.9
2009,9,16,26.6,67,8.8,2.7
2009,9,17,25.7,59,11.2,3
2009,9,18,22.6,66,2.1,3.6
2009,9,19,24.9,67,0.5,3.9
2009,9,20,27.5,51,10.8,4.4
2009,9,21,23.4,67,0.6,2.6
2009,9,22,25.9,68,1,2.3
2009,9,23,27.1,63,7.7,2.3
2009,9,24,27.4,64,10.6,3.4
2009,9,25,27.6,64,11.4,3.4
2009,9,26,27.5,66,7.5,3.1
2009,9,27,25.6,71,2.2,3
2009,9,28,27.1,67,6.6,2.2
2009,9,29,24.3,82,0,2
2009,9,30,22.1,84,0,1.9
2010,5,1,20.6,53,12,2.9
2010,5,2,22.8,50,12.6,3
2010,5,3,23.6,57,7.5,4.5
2010,5,4,23.9,66,6.8,3.8
2010,5,5,26.8,69,8.3,3.2
2010,5,6,26.4,64,10.9,5.6
2010,5,7,22.2,81,0,5.5
2010,5,8,24.3,57,11.2,4.1
2010,5,9,25.7,54,11.1,3
2010,5,10,21.6,64,1.3,2.5
2010,5,11,18.6,83,0,2.1
2010,5,12,21.6,65,4.6,3.3
2010,5,13,21.1,43,6.8,3.6
2010,5,14,18.1,54,3.9,3.4
2010,5,15,18.2,54,9.8,3.1
2010,5,16,21.8,65,7.9,2.7
2010,5,17,26.2,65,12,2.9
2010,5,18,25.1,59,11.7,5.8
2010,5,19,21.8,75,0.9,6.6
2010,5,20,21.8,90,0,3.4
2010,5,21,29.1,65,12.6,3.4
2010,5,22,27.6,55,8.7,2.6
2010,5,23,20.4,82,0,2.4
2010,5,24,22,89,0,3.8
2010,5,25,26.8,65,9.8,5.6
2010,5,26,22.7,77,2.4,3.3
2010,5,27,23.2,75,4.2,2.7
2010,5,28,22.2,56,8.8,3.2
2010,5,29,17,72,0,2.7
2010,5,30,16.3,71,0,2.6
2010,5,31,22.2,60,9.9,2.5
2010,6,1,22.3,59,12.4,3
2010,6,2,23.8,60,13.3,2.5
2010,6,3,26.1,60,12.9,2.7
2010,6,4,26.4,62,12.7,3.5
2010,6,5,23.3,75,6.4,3.3
2010,6,6,25.2,62,11.5,2.8
2010,6,7,27.5,68,6.1,2.3
2010,6,8,22,72,0,2.3
2010,6,9,20.5,78,0.2,2.9
2010,6,10,26.6,68,12.4,3.1
2010,6,11,25.9,71,4.9,2.9
2010,6,12,29,69,12.3,3.8
2010,6,13,26,69,3.9,4.8
2010,6,14,20.2,90,0,3.3
2010,6,15,27.5,81,7.5,3.2
2010,6,16,29.4,79,6.2,4.4
2010,6,17,30.5,66,10.5,3.1
2010,6,18,28.9,81,0.4,2.6
2010,6,19,30,77,3.2,4.8
2010,6,20,27.7,78,0.8,5.5
2010,6,21,27.9,77,4.2,4.5
2010,6,22,29.7,75,3.2,3.2
2010,6,23,25.3,84,0.6,3.6
2010,6,24,28.3,67,6.8,2.7
2010,6,25,29.6,67,7.2,2.8
2010,6,26,26.7,81,0,4.3
2010,6,27,28,84,1,5.2
2010,6,28,31.4,81,5.8,1.9
2010,6,29,27.9,83,0.7,1.9
2010,6,30,30.3,77,3.7,2.3
2010,7,1,31,77,5.5,2.5
2010,7,2,30.8,76,4.2,2.8
2010,7,3,28.6,80,0.3,3
2010,7,4,31.1,79,4.7,2.3
2010,7,5,29.9,80,2.9,2.7
2010,7,6,30.5,77,3.8,2.9
2010,7,7,27.7,84,0,3.2
2010,7,8,29.7,79,9.8,3.3
2010,7,9,26.3,84,0,3.5
2010,7,10,30,67,12.3,4.1
2010,7,11,28.5,78,1.2,4.2
2010,7,12,27.9,80,0.1,7.3
2010,7,13,27.5,80,0.1,2.7
2010,7,14,29.4,82,7.2,5.6
2010,7,15,31.3,76,8.8,6.1
2010,7,16,31.4,75,12.9,4.9
2010,7,17,32,72,11.4,4.4
2010,7,18,31.7,71,12.6,5.1
2010,7,19,32.7,67,12.9,4.4
2010,7,20,33.6,68,10.7,2.7
2010,7,21,35,69,11.4,2.3
2010,7,22,35.4,70,12.1,2.8
2010,7,23,34.7,74,10.7,2.6
2010,7,24,34.2,69,11.5,2.9
2010,7,25,33.1,69,9.8,2.7
2010,7,26,32.9,71,7.7,2.8
2010,7,27,32.8,70,12.6,4.8
2010,7,28,32,67,13.3,5.9
2010,7,29,26.9,83,0,6.4
2010,7,30,30.4,83,2.7,4.7
2010,7,31,32,76,2.8,2.2
2010,8,1,33.1,75,8.5,2.9
2010,8,2,31.3,78,2.4,3.8
2010,8,3,32.6,75,8.7,4.6
2010,8,4,32.3,74,10.5,4.5
2010,8,5,33.3,71,13,5.4
2010,8,6,32,70,10.7,4.5
2010,8,7,32.7,68,12.1,4.4
2010,8,8,30.5,74,0.7,3.2
2010,8,9,27.8,84,0.2,2.9
2010,8,10,30.9,79,4.4,3.4
2010,8,11,31.8,77,7,4.8
2010,8,12,30.2,81,4.4,6.6
2010,8,13,30.7,76,2.8,2.7
2010,8,14,32.2,77,2.9,4.7
2010,8,15,33.7,71,8.8,4.6
2010,8,16,35.5,70,11.1,2.3
2010,8,17,35.4,70,10.1,2.5
2010,8,18,34.1,72,7.7,3.4
2010,8,19,32.2,74,7.2,3.4
2010,8,20,30.6,69,4.6,2.7
2010,8,21,32.5,70,11,2.6
2010,8,22,33.9,73,10.8,3.5
2010,8,23,34.1,74,12,3.2
2010,8,24,33,73,11.4,4.5
2010,8,25,33.2,72,10.2,3.6
2010,8,26,33.3,68,12,3.3
2010,8,27,33.4,70,10.2,3.2
2010,8,28,33.5,67,11.9,3.9
2010,8,29,33.7,69,10.7,2.8
2010,8,30,34.8,71,10.7,2.3
2010,8,31,35.5,71,10.3,2.2
2010,9,1,34.3,69,10.7,2.7
2010,9,2,33.6,66,12,3.2
2010,9,3,33.8,70,11.7,3.6
2010,9,4,35.6,57,11.4,2.7
2010,9,5,34.3,69,7.5,3.1
2010,9,6,33.5,71,9.6,5.1
2010,9,7,34.4,64,7.7,6.3
2010,9,8,28.6,82,0,4
2010,9,9,28.7,69,3.6,4.4
2010,9,10,29.2,68,7.1,2.4
2010,9,11,31.7,72,11,2.5
2010,9,12,31.7,76,8.1,2.9
2010,9,13,33.4,71,7.2,2.3
2010,9,14,30.4,72,7.3,3.2
2010,9,15,25.8,72,2,2.9
2010,9,16,21.8,89,0,3.8
2010,9,17,28.1,75,9,1.8
2010,9,18,29.2,66,10.8,2.9
2010,9,19,29.5,74,7.5,2.3
2010,9,20,28.7,75,2.2,1.8
2010,9,21,31.5,72,9,1.8
2010,9,22,33.4,70,11.1,2.6
2010,9,23,25.2,85,0,3.2
2010,9,24,19.9,71,0,4.6
2010,9,25,23.2,64,3.9,5.4
2010,9,26,24.7,63,5.9,2.3
2010,9,27,18.2,90,0,4.3
2010,9,28,21.2,90,0.1,2.5
2010,9,29,25,61,6.7,3.4
2010,9,30,21.2,82,0,2.9
2011,5,1,20,76,0,6.2
2011,5,2,24.2,55,10.9,2.9
2011,5,3,18.2,69,0,3.5
2011,5,4,22.1,68,8.1,3.4
2011,5,5,17.8,68,1.1,3
2011,5,6,20.6,70,6.9,2.1
2011,5,7,17.7,89,0,2
2011,5,8,26.5,62,12.5,2.9
2011,5,9,23.6,54,6.5,3.8
2011,5,10,29.2,74,1,4.5
2011,5,11,17.5,95,0,2.7
2011,5,12,16.2,96,0,3.3
2011,5,13,24,81,5.4,2.6
2011,5,14,25.3,56,11.1,3.4
2011,5,15,25.2,35,11.3,4.5
2011,5,16,23.4,54,3.2,5.1
2011,5,17,20.8,77,0.8,3.4
2011,5,18,23.9,69,12.9,2.8
2011,5,19,25.9,59,12.9,4.3
2011,5,20,26.2,64,12.5,4.6
2011,5,21,26.7,72,10.3,5.4
2011,5,22,27.4,81,7.9,6
2011,5,23,18.4,76,0,2.7
2011,5,24,18,83,2.3,3.6
2011,5,25,23.5,65,11.2,2.5
2011,5,26,22.3,76,1.6,2.3
2011,5,27,20.5,82,0,1.7
2011,5,28,19,98,0,3
2011,5,29,19.1,99,0,2.5
2011,5,30,22.3,76,2.1,6.1
2011,5,31,17.9,63,5.4,4.6
2011,6,1,18.2,65,0,1.9
2011,6,2,17.5,92,0,1.8
2011,6,3,24.2,82,9.5,2.5
2011,6,4,26.9,77,11.9,4
2011,6,5,27,75,4.9,4.1
2011,6,6,28.5,72,12.9,3.2
2011,6,7,23.4,77,0.8,2.6
2011,6,8,23.3,86,1.2,2.7
2011,6,9,25.6,78,6.2,2.7
2011,6,10,26.5,81,2,4.2
2011,6,11,23.4,93,0,3.2
2011,6,12,26.1,80,2.6,2.5
2011,6,13,22.7,91,0.2,2.2
2011,6,14,23.4,85,1.4,2.2
2011,6,15,22.9,69,0.5,2.7
2011,6,16,23.2,83,0,1.9
2011,6,17,21.4,94,0,3.4
2011,6,18,22.1,89,0,1.5
2011,6,19,24.5,87,0.1,2
2011,6,20,25.1,87,0.6,3.5
2011,6,21,28.1,79,5,5.8
2011,6,22,32.2,72,12.7,2.6
2011,6,23,30.6,74,5.6,7
2011,6,24,30.6,73,8.8,8.9
2011,6,25,31.7,75,6.7,3.8
2011,6,26,24.5,94,0.1,1.8
2011,6,27,26.1,93,0,2.2
2011,6,28,33.8,73,8.4,3.2
2011,6,29,34.5,70,12.6,2.6
2011,6,30,33.7,74,6.4,2.6
2011,7,1,32.6,72,5.9,2.5
2011,7,2,31.1,79,6.1,3.2
2011,7,3,31.6,76,8.5,3.6
2011,7,4,32.4,75,6.7,7.6
2011,7,5,32.9,72,10.6,4.1
2011,7,6,32,66,10.9,3.6
2011,7,7,29,79,2.5,5.7
2011,7,8,30.7,75,0.2,4.9
2011,7,9,32.5,78,7.5,3.2
2011,7,10,33.1,73,13.7,3.6
2011,7,11,33,75,13.6,3.6
2011,7,12,32.6,76,10.4,4.1
2011,7,13,32.4,71,12.7,4.3
2011,7,14,33.2,67,13.2,3.9
2011,7,15,34,67,13.6,3
2011,7,16,33.2,72,13.7,3.7
2011,7,17,34.1,71,13.7,4.8
2011,7,18,33.8,78,4.1,4.6
2011,7,19,28.3,89,0,5.2
2011,7,20,28.3,91,0,4.9
2011,7,21,23.5,80,1.2,5.7
2011,7,22,25.5,64,8.8,3.5
2011,7,23,29.4,69,3.8,4
2011,7,24,29.5,73,7.8,3.3
2011,7,25,31.1,74,7.6,4.4
2011,7,26,28.6,78,2.4,4.8
2011,7,27,30.9,75,1.8,3.4
2011,7,28,28.4,86,0,2
2011,7,29,29.9,88,0.8,2
2011,7,30,29.7,89,2.3,1.7
2011,7,31,24.6,87,0,2.3
2011,8,1,27.9,76,5.5,2.9
2011,8,2,28.9,79,4.2,2.2
2011,8,3,30.9,81,4.8,2.1
2011,8,4,31.6,83,3.9,2.9
2011,8,5,31.6,81,7.7,3.2
2011,8,6,33,79,7.6,3.1
2011,8,7,33.6,79,5.7,2.1
2011,8,8,34,77,9.7,2.6
2011,8,9,33.9,76,11.6,3.2
2011,8,10,34.3,76,12.7,4.2
2011,8,11,35.2,74,11.4,2.9
2011,8,12,34.9,72,10.2,2.5
2011,8,13,34,77,7.6,2.7
2011,8,14,34.1,76,8.9,3.3
2011,8,15,34.2,71,10.5,4.2
2011,8,16,34.4,72,5.7,3.2
2011,8,17,34.6,69,10.5,3.6
2011,8,18,34.9,69,11.7,5.8
2011,8,19,32.3,85,2.3,4
2011,8,20,25.3,84,0,2.6
2011,8,21,21.5,95,0,3.3
2011,8,22,23,94,0,2.5
2011,8,23,31.6,85,6.6,3.1
2011,8,24,31.8,82,5.5,3.3
2011,8,25,29.2,89,1.7,3.8
2011,8,26,31.9,84,5.6,3.1
2011,8,27,27.9,87,0.1,2.4
2011,8,28,29.9,75,10.8,2.8
2011,8,29,29.2,77,8.3,3.2
2011,8,30,31.5,71,9.1,3.3
2011,8,31,31.3,81,4,3.5
2011,9,1,31.2,86,2.1,2.9
2011,9,2,31.7,82,4.4,4.7
2011,9,3,30.4,80,4.9,7.8
2011,9,4,30,79,4.6,5.3
2011,9,5,28.6,90,2,2.2
2011,9,6,28.7,74,7.5,3.2
2011,9,7,28.9,70,9.8,3.1
2011,9,8,30.4,69,11.7,3.2
2011,9,9,31.5,74,7.6,3.7
2011,9,10,32.1,74,11.9,3.6
2011,9,11,31.7,79,8.4,2.7
2011,9,12,31.9,76,10.9,2.9
2011,9,13,32.5,75,10.8,3.9
2011,9,14,32.5,74,11.8,3.2
2011,9,15,32.3,76,11,3
2011,9,16,31.7,78,6.4,3.8
2011,9,17,31.1,81,6.2,4.8
2011,9,18,31.8,73,11.5,4.1
2011,9,19,32,79,8.9,3.3
2011,9,20,21.1,95,0,3.1
2011,9,21,26.4,90,0,8.1
2011,9,22,29.7,76,6.4,3.3
2011,9,23,22.7,70,3.1,3
2011,9,24,24.7,58,9.3,3.1
2011,9,25,24.1,63,3.2,3.1
2011,9,26,19.7,79,0,3.7
2011,9,27,24.4,69,5.1,3.8
2011,9,28,24.7,67,8.6,3.7
2011,9,29,25.5,66,10.9,3.2
2011,9,30,28.3,70,4.8,4.2
2012,5,1,23.7,80,2.4,2.4
2012,5,2,19.6,91,0,3.5
2012,5,3,18.2,97,0,3.2
2012,5,4,22.6,90,2.5,2.2
2012,5,5,26.1,62,12.7,3.9
2012,5,6,25.6,69,8.7,4
2012,5,7,23.4,63,11.6,3.2
2012,5,8,23.6,68,6.6,2.6
2012,5,9,20.8,84,0,2.4
2012,5,10,21.6,76,7.6,3.1
2012,5,11,21.7,48,8.7,4
2012,5,12,20.6,42,3.4,4
2012,5,13,21,50,12,3.4
2012,5,14,24.7,67,10.9,3.8
2012,5,15,20.4,89,0,3.7
2012,5,16,27,65,10.7,3.2
2012,5,17,26.4,72,7.6,4.4
2012,5,18,21.9,65,5.6,4
2012,5,19,24.8,55,11.5,3.5
2012,5,20,24.5,62,4.1,2.8
2012,5,21,24,67,7.1,3
2012,5,22,16.3,86,0,6.1
2012,5,23,24.4,75,8.5,4.4
2012,5,24,25.2,69,10.1,3.3
2012,5,25,22.2,76,0.4,2.6
2012,5,26,26.2,61,9.7,3.1
2012,5,27,26.9,62,12.2,3.5
2012,5,28,25.3,69,9.2,4.4
2012,5,29,25.5,76,5.7,4.3
2012,5,30,24,72,9.6,2.9
2012,5,31,24,74,5.8,2.8
2012,6,1,25.9,76,4.1,2.1
2012,6,2,25.3,72,5.1,2.4
2012,6,3,24.4,75,4.6,2.8
2012,6,4,26.6,70,10.7,3.4
2012,6,5,22.4,77,0,3.6
2012,6,6,21.8,80,1,3.8
2012,6,7,24.7,70,8.4,3.8
2012,6,8,27.7,77,11.3,4
2012,6,9,20.8,95,0,3.8
2012,6,10,26.9,73,6.4,3
2012,6,11,22.2,79,0,2.6
2012,6,12,18.3,87,0,3.1
2012,6,13,20.4,76,0.9,3.8
2012,6,14,23.1,68,8.7,3.3
2012,6,15,24.5,72,9.1,2.5
2012,6,16,21.5,93,0,2
2012,6,17,27.2,83,2.7,2
2012,6,18,27.3,67,4.1,2.4
2012,6,19,25.3,89,0.1,4.9
2012,6,20,29.2,75,4.5,8.3
2012,6,21,25.5,80,0.3,3.7
2012,6,22,22.6,91,0,2.9
2012,6,23,24.8,80,0.9,2.1
2012,6,24,25.9,79,3,2.7
2012,6,25,19.9,76,0,3
2012,6,26,23.3,65,13.3,3.3
2012,6,27,25.1,67,9.2,2.3
2012,6,28,24.9,75,3.1,1.9
2012,6,29,26.4,72,6.7,3.3
2012,6,30,26.7,73,10.5,2.9
2012,7,1,23.9,79,0.6,2
2012,7,2,25.4,86,3.9,3.6
2012,7,3,28.1,88,2.1,2.6
2012,7,4,29.5,80,9.7,3.8
2012,7,5,28.3,79,1,2
2012,7,6,28,85,0.7,2.3
2012,7,7,27.1,91,0.2,2.9
2012,7,8,25.7,84,4.9,3.1
2012,7,9,29.1,77,11.1,2.6
2012,7,10,30.9,76,12.8,3.1
2012,7,11,29.8,76,12.3,5
2012,7,12,26.6,86,0,7.7
2012,7,13,29.5,86,3.5,5.7
2012,7,14,30.7,81,4.8,6.4
2012,7,15,30,81,4.7,6.7
2012,7,16,31.3,74,9.8,7.2
2012,7,17,33.2,70,11.2,4.6
2012,7,18,31.9,77,8.1,2.4
2012,7,19,34.3,73,8.5,3
2012,7,20,22.6,84,0,3.4
2012,7,21,21.1,85,0,2.3
2012,7,22,22.9,92,0,1.8
2012,7,23,28.9,82,7.5,2.8
2012,7,24,31.1,77,2.6,2.1
2012,7,25,32.4,79,7.5,2.6
2012,7,26,34.8,75,11.7,2.3
2012,7,27,33.6,76,10.4,3.1
2012,7,28,33.2,76,8.8,3.8
2012,7,29,32.5,75,12,4
2012,7,30,33.1,73,12.6,5.2
2012,7,31,33.3,71,12.2,2.8
2012,8,1,32.5,78,7.8,2.9
2012,8,2,33.7,73,13.1,2.9
2012,8,3,32.8,74,11.8,3
2012,8,4,31.3,79,1.5,2.5
2012,8,5,33.2,76,10.5,2.8
2012,8,6,29.5,86,0.3,2.3
2012,8,7,31.3,79,8,3
2012,8,8,29.4,68,7.4,3.8
2012,8,9,29.3,64,11.1,3.1
2012,8,10,31.2,73,7.6,3.9
2012,8,11,31.2,80,4.1,3.8
2012,8,12,31.5,81,5.4,3.1
2012,8,13,32.5,77,10.2,5.6
2012,8,14,29.1,82,2.1,4.5
2012,8,15,31.7,81,4,4.1
2012,8,16,32.4,74,10.6,4.9
2012,8,17,34.6,74,9.5,2.7
2012,8,18,30.7,81,4.4,2.2
2012,8,19,32.6,73,11.6,3.4
2012,8,20,33.6,70,12.6,2.8
2012,8,21,33.9,71,12.7,4
2012,8,22,33.5,72,12,5
2012,8,23,34.1,71,12.4,3.7
2012,8,24,33.6,72,11.5,2.8
2012,8,25,33.9,69,11.8,2.6
2012,8,26,34.2,69,11.7,2.6
2012,8,27,33.5,71,11.6,3
2012,8,28,33.7,70,8.7,3.9
2012,8,29,32.6,72,8.8,4
2012,8,30,34.4,74,11.7,3.4
2012,8,31,31.7,75,6.8,3.8
2012,9,1,30.9,76,6.9,3.1
2012,9,2,28.9,86,1.9,3.4
2012,9,3,31,80,6.5,2.9
2012,9,4,30.9,81,3.7,2.5
2012,9,5,32.2,76,8.9,2.6
2012,9,6,32,78,8.7,2.9
2012,9,7,31,77,9.2,2.2
2012,9,8,32,76,8.6,2.5
2012,9,9,32.7,74,10.8,3.2
2012,9,10,32.5,72,10.4,3.2
2012,9,11,32.6,72,11.3,2.4
2012,9,12,31,67,11,2.4
2012,9,13,32.5,69,10.1,2.7
2012,9,14,31.2,73,6.4,3.3
2012,9,15,30.1,78,8.6,2.4
2012,9,16,30.1,82,3.9,2.8
2012,9,17,30.5,82,5.2,4.8
2012,9,18,30.1,83,4.4,4.4
2012,9,19,27.6,90,0,4.1
2012,9,20,30.4,72,10.4,3
2012,9,21,28.7,76,4.6,2.6
2012,9,22,26.1,81,1.9,3.7
2012,9,23,22.1,93,0,4.1
2012,9,24,27.1,75,9.3,2.3
2012,9,25,21.8,82,0,4.9
2012,9,26,25.4,67,7.3,4.1
2012,9,27,24.5,62,5.1,6.4
2012,9,28,24.4,70,0.7,7.9
2012,9,29,28.5,76,6.7,3
2012,9,30,28.8,79,6.1,5.9
2013,5,1,17.9,71,4,3.3
2013,5,2,19.2,55,6.8,3.5
2013,5,3,18.4,49,9.3,3.7
2013,5,4,20.7,59,12.5,3.1
2013,5,5,22,52,11.7,3.8
2013,5,6,24.6,54,12,5.1
2013,5,7,20.6,32,12.8,7.2
2013,5,8,21.1,41,12.9,3.1
2013,5,9,24.1,49,12.8,3.2
2013,5,10,26.8,53,7,3
2013,5,11,20.1,89,0,4.3
2013,5,12,25,77,10.4,3.5
2013,5,13,24.1,77,6.7,4.1
2013,5,14,27.5,73,12,2.5
2013,5,15,24.8,74,8.8,4.4
2013,5,16,25,73,6.2,3.3
2013,5,17,22.6,69,12.2,3.2
2013,5,18,24,66,8.6,4.8
2013,5,19,22.9,67,5.9,4.5
2013,5,20,20.2,97,0,2.1
2013,5,21,26.6,79,7.5,2.7
2013,5,22,26.5,83,10.6,3.3
2013,5,23,24.9,,10.2,3.1
2013,5,24,26.7,,12.7,3.6
2013,5,25,23,,4.8,2.9
2013,5,26,25.9,,8.8,3.5
2013,5,27,25.7,,7.8,3
2013,5,28,24.9,,2.2,4.1
2013,5,29,25,,1.3,5
2013,5,30,22,,0,6
2013,5,31,25.8,,9.8,3.6
2013,6,1,22.9,,7,3
2013,6,2,22.5,,7.6,4
2013,6,3,24.5,,8.2,2.7
2013,6,4,27.8,,13.2,3.4
2013,6,5,26.6,,11.2,4.2
2013,6,6,24.2,,0.7,2.5
2013,6,7,24.3,67,3.9,3.4
2013,6,8,25.9,69,6.3,3.2
2013,6,9,27.4,68,8.8,2.8
2013,6,10,26.4,75,1.9,2.4
2013,6,11,21.9,86,0,2.2
2013,6,12,22.3,97,0,3.9
2013,6,13,21.6,98,0,4
2013,6,14,26.6,94,1.3,3.4
2013,6,15,30,84,7.2,2.4
2013,6,16,25.1,91,4.1,3.1
2013,6,17,29,83,7.9,2.8
2013,6,18,30.3,75,5.6,3.9
2013,6,19,26.8,81,0,6.8
2013,6,20,23.1,95,0,4.2
2013,6,21,23.2,94,0,2.3
2013,6,22,26,81,7.4,2.7
2013,6,23,27.3,78,7.1,3.1
2013,6,24,27.1,80,4.6,2.6
2013,6,25,26.6,78,1,2.3
2013,6,26,22.5,94,0,3.1
2013,6,27,26.5,71,10.1,4.2
2013,6,28,26.1,79,2.7,2.4
2013,6,29,27.9,77,4.5,2.6
2013,6,30,28,75,9.5,3.9
2013,7,1,25.5,76,1.6,3.2
2013,7,2,27.7,70,11.1,3
2013,7,3,26.2,77,1.3,5.7
2013,7,4,25.8,89,0.4,5.1
2013,7,5,27.2,90,0.1,7.2
2013,7,6,31.2,80,7.8,7.8
2013,7,7,32.8,77,13.1,4.8
2013,7,8,34.7,76,10.9,2
2013,7,9,33.9,76,11.8,2.8
2013,7,10,33.6,74,11.2,3
2013,7,11,33.5,72,11.3,2.8
2013,7,12,34.4,72,12.2,2.4
2013,7,13,33.3,71,2.9,2
2013,7,14,33.5,75,5.2,2.6
2013,7,15,35.3,69,6.4,3.6
2013,7,16,29.1,73,3.4,2.8
2013,7,17,28.8,80,1.4,2.8
2013,7,18,33,74,8.8,3.6
2013,7,19,30,71,10.6,3.2
2013,7,20,27,71,6.9,3.2
2013,7,21,28.5,68,7.8,2.5
2013,7,22,29,83,1.5,2.5
2013,7,23,32.1,86,4,2.1
2013,7,24,25.9,93,0,2.5
2013,7,25,29.5,85,2.7,1.8
2013,7,26,31.9,84,3.9,2.5
2013,7,27,32.1,81,8.2,3.3
2013,7,28,30.7,76,8,2.3
2013,7,29,26.6,88,0,2.5
2013,7,30,30.6,81,1.7,2.4
2013,7,31,29.9,83,0.6,2.7
2013,8,1,31.7,84,5.3,2.4
2013,8,2,28.6,80,3.4,2.5
2013,8,3,30.4,76,5.6,2.7
2013,8,4,31.1,79,3.5,3.3
2013,8,5,32.6,75,9.9,4.7
2013,8,6,31.4,81,1.3,3.2
2013,8,7,34.1,71,12.3,3.1
2013,8,8,33.7,74,9.4,2.8
2013,8,9,34.2,77,10.1,2.8
2013,8,10,36.7,71,11,2.5
2013,8,11,37.4,69,9.6,2.3
2013,8,12,35.1,70,9.5,2.8
2013,8,13,33.6,71,9.6,3
2013,8,14,34.6,68,10.8,2.5
2013,8,15,34.2,74,10.3,3.1
2013,8,16,34,73,7.8,4.4
2013,8,17,32.8,69,10.3,4.7
2013,8,18,33.2,67,12.5,5.4
2013,8,19,34.2,70,12.4,5
2013,8,20,33.9,71,10.4,5.5
2013,8,21,33.7,79,3.8,2.6
2013,8,22,32.7,80,6.2,2.9
2013,8,23,32.7,86,0.6,1.9
2013,8,24,32.1,78,1,2.1
2013,8,25,26.4,85,0.1,2
2013,8,26,28.8,70,3.4,2.5
2013,8,27,29.6,76,10.6,3.6
2013,8,28,32.1,64,11.9,2.4
2013,8,29,31.2,70,8.2,3.8
2013,8,30,34.6,67,10.3,5.5
2013,8,31,33.7,73,11.4,5.1
2013,9,1,34.3,71,11,4.7
2013,9,2,32.6,74,10.9,3.4
2013,9,3,33.5,73,8.7,3.7
2013,9,4,30.8,86,3.9,4.2
2013,9,5,28.1,89,1.7,4.2
2013,9,6,28.4,83,2.3,3
2013,9,7,29.4,78,4.7,2.4
2013,9,8,29.9,87,0.6,3.1
2013,9,9,27.8,77,6.4,3.2
2013,9,10,26.9,76,0.8,2.3
2013,9,11,26.3,83,0.3,3.1
2013,9,12,31.3,72,11.4,2.5
2013,9,13,31.5,79,8.1,2
2013,9,14,31.2,79,2.2,1.8
2013,9,15,30.6,89,1.1,3.3
2013,9,16,28.4,73,0.1,8.5
2013,9,17,27.4,49,11.7,3.7
2013,9,18,27.6,58,11.6,3.4
2013,9,19,28.2,62,11.4,3.1
2013,9,20,29,70,11.3,3.2
2013,9,21,29.7,73,11.1,2.8
2013,9,22,30.4,71,8.5,3.2
2013,9,23,24.2,69,1.6,4.2
2013,9,24,26.5,80,4.3,4.5
2013,9,25,23.8,96,0,4
2013,9,26,23.9,71,1.4,5.5
2013,9,27,22.9,50,11.4,4.4
2013,9,28,24.7,63,8.3,3.2
2013,9,29,26.1,63,7,3
2013,9,30,25.8,67,5.2,3.6
2014,5,1,23.4,76,8.3,5.2
2014,5,2,25.5,71,11.9,3
2014,5,3,26.1,63,9.9,3.7
2014,5,4,23.2,39,12.7,5.1
2014,5,5,20.3,77,0,3.5
2014,5,6,17,78,0.1,3.6
2014,5,7,21.8,66,11.4,3.5
2014,5,8,21.7,69,6.5,4.8
2014,5,9,25.9,62,13,4.7
2014,5,10,25.2,40,12.2,4.7
2014,5,11,25.7,42,13.2,3.2
2014,5,12,22.7,63,7.8,6.2
2014,5,13,22.3,90,2.8,3.6
2014,5,14,26.1,75,7,3.4
2014,5,15,22,78,0.5,3.3
2014,5,16,26.3,51,9,4
2014,5,17,25.8,45,13.2,4.1
2014,5,18,25.5,53,13.4,3.2
2014,5,19,25,68,10.2,2.8
2014,5,20,24.8,72,6.8,2.9
2014,5,21,19.4,87,0.7,5.4
2014,5,22,24,78,5.9,2.4
2014,5,23,21.6,69,9.7,3.4
2014,5,24,24.1,70,12.1,4.4
2014,5,25,24.9,73,4.8,3.4
2014,5,26,23.8,79,1.8,6.1
2014,5,27,27,83,4.4,3.3
2014,5,28,27,77,8.4,2.9
2014,5,29,26.7,79,10.8,3
2014,5,30,28.5,73,11.8,2.8
2014,5,31,30.3,72,12.7,2.8
2014,6,1,30.6,72,13.1,2.8
2014,6,2,31,73,12.4,2.4
2014,6,3,28.1,75,8.2,2.5
2014,6,4,28,71,8.6,2.6
2014,6,5,22,84,0,3.3
2014,6,6,20.5,96,0,3.7
2014,6,7,19.1,97,0,4.6
2014,6,8,24.1,89,0.1,3.3
2014,6,9,26.5,83,7.8,2.2
2014,6,10,27.9,82,6.7,2.3
2014,6,11,23.1,94,0,2.2
2014,6,12,23.7,92,0.4,3.6
2014,6,13,29.9,64,13.5,3.9
2014,6,14,29.1,58,12.8,3
2014,6,15,29.7,66,13.1,3
2014,6,16,29.1,67,11.8,3
2014,6,17,27.3,75,3.7,2.7
2014,6,18,22.8,81,0.1,2.1
2014,6,19,28.1,65,12.4,3.5
2014,6,20,27.4,69,12.3,4.5
2014,6,21,27.6,76,4.9,3.6
2014,6,22,23.2,86,0,2
2014,6,23,28.1,73,7.9,3
2014,6,24,25.9,88,1.6,2.1
2014,6,25,26.3,83,2.9,2.4
2014,6,26,27.9,76,6.7,2.7
2014,6,27,27,81,3.1,2.7
2014,6,28,23.4,92,0,2.6
2014,6,29,28.6,86,5.2,2.6
2014,6,30,26.6,80,2.8,2.8
2014,7,1,29.7,75,7.2,2.7
2014,7,2,30.8,75,10,2.9
2014,7,3,27.2,81,0.9,2.9
2014,7,4,22.8,93,0,2.6
2014,7,5,23.1,91,0,2.1
2014,7,6,27.4,79,6.5,2.6
2014,7,7,25.7,90,0,3.2
2014,7,8,31.3,73,10.5,2.5
2014,7,9,24.8,95,0,2
2014,7,10,28.6,89,1.1,6.4
2014,7,11,33.8,79,7.6,2.8
2014,7,12,32.7,66,9.6,3.3
2014,7,13,28.1,81,0.4,3.9
2014,7,14,33.3,75,9.9,3.5
2014,7,15,32.4,71,10.7,3
2014,7,16,32.5,76,10.1,3.2
2014,7,17,30.8,80,4,2.4
2014,7,18,27.3,85,0,2.3
2014,7,19,25,88,0,1.9
2014,7,20,29.3,80,5.1,2.5
2014,7,21,29,84,4.4,2.5
2014,7,22,31.5,78,8.7,2.7
2014,7,23,32.2,75,9.1,2.3
2014,7,24,33.7,75,2.6,2
2014,7,25,35.2,71,12.4,2.9
2014,7,26,34.1,75,12.8,3.7
2014,7,27,34.3,77,9.7,4.2
2014,7,28,30.6,66,10,3.3
2014,7,29,31.3,66,11.7,3.2
2014,7,30,31,75,10.1,3.5
2014,7,31,33,76,12.4,2.9
2014,8,1,33.4,74,10.6,3
2014,8,2,34.5,66,10.7,2.6
2014,8,3,33.5,67,10.7,4.2
2014,8,4,31.9,72,9,6.5
2014,8,5,33.7,70,13.2,7.7
2014,8,6,33.3,69,13.1,6.8
2014,8,7,32.7,69,12,5.8
2014,8,8,31.9,72,2.2,2.9
2014,8,9,27.2,82,0,3.1
2014,8,10,28.4,89,0.1,6.4
2014,8,11,30.7,76,9.3,8
2014,8,12,29.2,85,0.5,4.2
2014,8,13,30.4,82,5.4,2.6
2014,8,14,30.6,89,1.1,2
2014,8,15,31.5,76,12.4,6.3
2014,8,16,32.6,81,9.1,4.7
2014,8,17,32.3,78,7.1,3
2014,8,18,33.7,74,9.7,4.3
2014,8,19,32.7,73,12.8,5
2014,8,20,34.5,71,12.4,2.9
2014,8,21,34,73,10.6,2.6
2014,8,22,33.6,71,11.3,4
2014,8,23,29,78,3.4,4.6
2014,8,24,32.3,72,6,3.6
2014,8,25,28.2,78,0.4,2.5
2014,8,26,27.9,83,0.1,2.4
2014,8,27,23.9,94,0,4.3
2014,8,28,21.9,96,0,3.5
2014,8,29,24.9,89,0,2.8
2014,8,30,25.3,83,0.9,2.9
2014,8,31,26.3,79,3.2,2.7
2014,9,1,22.6,91,0,3
2014,9,2,29.3,77,11.3,3.1
2014,9,3,27.7,72,9.2,2.9
2014,9,4,28.1,75,3.9,3
2014,9,5,30.9,79,7,3.8
2014,9,6,30.2,80,6.3,2.7
2014,9,7,23.8,93,0,2.3
2014,9,8,23.4,87,0,1.8
2014,9,9,28.1,76,5.6,4.5
2014,9,10,27.8,77,1.6,2.6
2014,9,11,25.7,86,0.5,2.4
2014,9,12,27.2,68,8.9,2.9
2014,9,13,27.4,69,7.9,3.3
2014,9,14,27.7,68,10.9,3
2014,9,15,26.7,71,1.6,2.4
2014,9,16,29.1,73,8.3,2.7
2014,9,17,27.3,66,1.6,2.8
2014,9,18,25.6,52,2.8,3.5
2014,9,19,24.7,49,2.7,2.2
2014,9,20,21.5,66,0,2.9
2014,9,21,25.6,59,10.7,3.3
2014,9,22,26.3,64,8,2.4
2014,9,23,26.1,61,11,2.9
2014,9,24,25.8,78,3.8,3.4
2014,9,25,28.5,80,3.7,5.8
2014,9,26,27.5,65,9.6,3.8
2014,9,27,23.6,66,2.2,4.1
2014,9,28,27.2,65,8.7,4.9
2014,9,29,28.3,57,11.2,3.8
2014,9,30,27.4,70,7.6,2.1
2015,5,1,26.3,68,12.7,2.7
2015,5,2,26.8,71,12.7,2.1
2015,5,3,25.9,68,10.9,2.9
2015,5,4,25,77,5.9,5.6
2015,5,5,21,48,6.5,4.2
2015,5,6,23.8,55,9.8,3.3
2015,5,7,23.9,69,6,2.4
2015,5,8,25.6,70,12.1,3
2015,5,9,21,79,0,2.5
2015,5,10,25.9,55,10.2,3.4
2015,5,11,22,43,12.8,4.1
2015,5,12,21.5,80,0.7,7.3
2015,5,13,27.1,53,12.1,6
2015,5,14,27,49,10,4.7
2015,5,15,26.8,65,8.8,3.9
2015,5,16,23.1,87,0,2.8
2015,5,17,26.9,70,10.5,3.3
2015,5,18,26.1,79,4.4,3.3
2015,5,19,24,89,0.2,3.4
2015,5,20,26.1,78,8.5,2.8
2015,5,21,25.5,61,10.6,4.4
2015,5,22,24.1,65,10,4.3
2015,5,23,25.8,64,9.9,3.6
2015,5,24,24.4,64,2.3,3
2015,5,25,26,70,6.7,2.9
2015,5,26,28.2,64,13.1,2.7
2015,5,27,28.9,67,12.8,2.4
2015,5,28,26.8,71,7.6,2.7
2015,5,29,22.6,83,0,4
2015,5,30,28.4,70,12.1,4.6
2015,5,31,30.3,65,10,2.4
2015,6,1,28,60,12.2,3.6
2015,6,2,27.7,71,8.6,4.4
2015,6,3,22.4,91,0,3.2
2015,6,4,29.1,45,11,4.3
2015,6,5,21.8,67,2,2.4
2015,6,6,22.9,80,3.4,3.6
2015,6,7,24.9,70,7.6,2.7
2015,6,8,24.4,74,3.8,3.1
2015,6,9,21.4,91,0,2.5
2015,6,10,27,72,6.9,2.4
2015,6,11,26,78,2.8,2.5
2015,6,12,24.8,88,0.1,1.9
2015,6,13,28.3,83,3.8,2.3
2015,6,14,24.5,84,0.6,2.8
2015,6,15,29.2,74,12.6,2.5
2015,6,16,25.4,81,0.3,1.9
2015,6,17,26.4,85,2.1,2.1
2015,6,18,24.2,85,0.1,2.7
2015,6,19,21.1,92,0,3
2015,6,20,26.9,73,11.9,3.6
2015,6,21,23.2,85,0.1,2.2
2015,6,22,26.8,79,4.8,2.6
2015,6,23,28,77,7.5,3
2015,6,24,29.3,73,13.2,2.4
2015,6,25,28.5,75,9.7,2.4
2015,6,26,25.1,86,0,2.1
2015,6,27,25.5,91,0.1,2.1
2015,6,28,29.2,76,8.7,3.3
2015,6,29,26.7,75,6.3,3.2
2015,6,30,26,79,2.9,2.6
2015,7,1,26.4,94,0,3.3
2015,7,2,24.9,88,1.5,2.7
2015,7,3,24.4,94,0.1,2.9
2015,7,4,25.5,92,0.1,2.4
2015,7,5,21.6,94,0,1.7
2015,7,6,20.4,97,0,1.6
2015,7,7,23.6,92,0,1.5
2015,7,8,25.4,93,0,1.5
2015,7,9,20.8,96,0,2.2
2015,7,10,28.2,80,12.2,2.3
2015,7,11,30.4,80,12.3,3
2015,7,12,31.7,75,12.7,3.4
2015,7,13,32.7,73,12,6.3
2015,7,14,32.4,69,13.7,7.5
2015,7,15,32,72,11.9,4.8
2015,7,16,29.2,88,0.6,5.5
2015,7,17,29.7,86,3.8,6.2
2015,7,18,30.3,81,4.1,6.3
2015,7,19,33.1,73,8.5,5.5
2015,7,20,33,70,10,3.3
2015,7,21,33.1,67,13.4,4.7
2015,7,22,31.2,68,13.6,6.8
2015,7,23,28.4,82,0.6,5.3
2015,7,24,33.4,78,6.2,2
2015,7,25,33.6,76,10.7,2.3
2015,7,26,35.3,72,12.2,2.2
2015,7,27,33.6,70,12.9,3.3
2015,7,28,33.1,74,7.1,2.3
2015,7,29,33.4,74,5.1,2.5
2015,7,30,34,75,7.6,2.3
2015,7,31,34.6,76,11.9,2.7
2015,8,1,34.4,79,9.8,3.3
2015,8,2,34.3,75,12.4,3.1
2015,8,3,34,75,11.6,3.5
2015,8,4,33.9,72,11.2,3.8
2015,8,5,34.2,73,13.3,4.7
2015,8,6,33.7,73,12.5,3.8
2015,8,7,35.8,68,9.2,2.1
2015,8,8,31.5,74,6.7,3.6
2015,8,9,32.6,70,7.7,3.1
2015,8,10,32.2,79,6.1,3.3
2015,8,11,34.4,73,8.7,3.3
2015,8,12,33.5,75,6.1,2.8
2015,8,13,30.2,82,1.7,3.1
2015,8,14,33.3,79,8.3,2.9
2015,8,15,32.8,75,9.8,3
2015,8,16,31.8,79,8.5,2.6
2015,8,17,28.4,92,0,4
2015,8,18,29.9,81,2.3,4.7
2015,8,19,30.4,74,3.3,2.8
2015,8,20,27.4,87,0,2
2015,8,21,30.6,81,3.4,2.6
2015,8,22,32.4,76,10.8,3.8
2015,8,23,31.3,76,7.4,3.3
2015,8,24,27.5,69,0.8,4.3
2015,8,25,22.8,72,0,3.2
2015,8,26,21.2,95,0,4.6
2015,8,27,28,80,5.1,3.3
2015,8,28,23.7,84,0,4
2015,8,29,22,93,0,4.4
2015,8,30,22.8,93,0.1,2.1
2015,8,31,24.2,92,0,2.1
2015,9,1,26,92,0.2,2.1
2015,9,2,30.4,83,5.8,5.7
2015,9,3,29.8,76,4.6,3.2
2015,9,4,29.8,79,7.1,3.3
2015,9,5,29.4,72,5.4,3.1
2015,9,6,28.3,86,0.4,2.3
2015,9,7,27.1,92,0.1,2.8
2015,9,8,21.6,98,0,4.2
2015,9,9,25.8,97,0,4
2015,9,10,22.9,96,0,2.3
2015,9,11,28.2,79,9.2,2.6
2015,9,12,29.6,75,10.5,3
2015,9,13,27.6,80,3,4.6
2015,9,14,27.2,71,4.7,3.3
2015,9,15,26.5,69,8.2,3.3
2015,9,16,24.3,71,0.7,2.6
2015,9,17,18.9,97,0,4.6
2015,9,18,24.3,94,1,2.2
2015,9,19,28,77,9.4,2.4
2015,9,20,27,61,7.8,3.7
2015,9,21,26.7,71,6,2.5
2015,9,22,27.2,66,8.6,2.4
2015,9,23,27.1,64,8.3,2.4
2015,9,24,23.8,81,0.4,2.6
2015,9,25,19.3,98,0,5.6
2015,9,26,24.2,91,0.3,2.9
2015,9,27,24.2,89,0.2,2
2015,9,28,28.4,75,9.8,2.9
2015,9,29,26.1,45,4.1,3.2
2015,9,30,25.5,46,9.6,4.9
2016,5,1,26.2,61,9.8,2.3
2016,5,2,22.1,76,6.5,2.8
2016,5,3,23.8,78,6.1,5
2016,5,4,26.4,60,9.7,8.5
2016,5,5,27.2,39,12.7,4.7
2016,5,6,21.1,62,0,3.3
2016,5,7,24.6,62,10,6
2016,5,8,25.4,49,11,3.9
2016,5,9,21.3,85,0,2.6
2016,5,10,23.2,90,0.7,3.3
2016,5,11,25.6,83,4.5,7.4
2016,5,12,26.8,61,13.3,3.1
2016,5,13,25.7,72,11.7,2.7
2016,5,14,24.4,64,10.1,3.6
2016,5,15,22.4,68,12.4,3.4
2016,5,16,23.8,74,2.4,4.4
2016,5,17,21.1,93,0,3.8
2016,5,18,25.5,53,13.5,3.5
2016,5,19,24.2,53,11.4,3.9
2016,5,20,20.3,66,2.3,3.3
2016,5,21,24.1,69,12.9,3.2
2016,5,22,28.9,56,13.1,3.2
2016,5,23,29.8,47,12.5,2.3
2016,5,24,29.1,58,9.9,3.8
2016,5,25,24.1,77,0.4,5.4
2016,5,26,26.4,82,3.8,5.8
2016,5,27,22.1,90,0,3.4
2016,5,28,24.1,79,1.3,1.8
2016,5,29,27.2,76,10.3,2.7
2016,5,30,21,93,0,3.6
2016,5,31,25.1,82,6.4,3.6
2016,6,1,25.7,59,5.8,4
2016,6,2,25.7,35,12.9,6.2
2016,6,3,24.1,53,13,4.5
2016,6,4,25.6,69,7.6,5.8
2016,6,5,20.9,83,1.9,2.9
2016,6,6,23.6,79,1.8,2.7
2016,6,7,21.1,87,0,2.1
2016,6,8,26.5,77,5.3,2.5
2016,6,9,23.6,95,0,2.3
2016,6,10,28.2,76,12.3,3.2
2016,6,11,28.5,70,11.6,3.2
2016,6,12,27.7,78,7.4,3.1
2016,6,13,22.2,96,0,5
2016,6,14,26.6,73,7.2,3.4
2016,6,15,24.3,80,0,2.6
2016,6,16,24,85,0.1,3.1
2016,6,17,29.6,81,5.9,2.7
2016,6,18,31.5,54,12.5,3.4
2016,6,19,27.4,77,3.7,3.7
2016,6,20,28.9,83,6,2.2
2016,6,21,25.1,88,2.2,1.9
2016,6,22,24.8,89,0,2.3
2016,6,23,27.5,90,3.4,2.5
2016,6,24,25.6,86,0.5,2.9
2016,6,25,28.6,78,1.2,7
2016,6,26,28.9,61,9.9,3.3
2016,6,27,29.3,70,9.3,2.9
2016,6,28,22.3,95,0,2.6
2016,6,29,24.3,89,0,1.7
2016,6,30,26.6,86,0.6,1.4
2016,7,1,30.1,81,6.7,2
2016,7,2,30.8,80,7.3,3.7
2016,7,3,33.5,71,7.9,5.6
2016,7,4,32.7,78,10.8,2.4
2016,7,5,25.5,84,0,3.3
2016,7,6,28,82,6.1,3
2016,7,7,34.9,75,12.8,2.7
2016,7,8,27.6,80,0.2,2.2
2016,7,9,24.1,94,0,3.2
2016,7,10,30.3,82,11.2,2.4
2016,7,11,32.8,73,12.4,2.6
2016,7,12,31,81,7,2.8
2016,7,13,27.4,91,0,1.5
2016,7,14,32.5,83,7.5,2.5
2016,7,15,25.3,92,0,2.4
2016,7,16,28.2,81,2.7,2.6
2016,7,17,29.6,85,1.4,2.6
2016,7,18,32,76,8.2,3
2016,7,19,31.6,73,8.7,3.1
2016,7,20,29.5,80,3.5,3
2016,7,21,24.2,98,0,2.5
2016,7,22,22.7,86,0,2.8
2016,7,23,25.6,71,1.5,3
2016,7,24,27.7,75,8.4,2.9
2016,7,25,29,75,5.2,2.2
2016,7,26,27.7,86,0.8,2.9
2016,7,27,26.7,85,0.3,3.2
2016,7,28,30.4,80,6.7,3
2016,7,29,32,75,12.1,2.7
2016,7,30,32.4,74,12.5,2
2016,7,31,31.4,77,7.3,2.8
2016,8,1,30.8,81,3.1,3
2016,8,2,30.1,86,4.2,2.5
2016,8,3,31.1,83,5.6,2.5
2016,8,4,33.2,79,12.1,3
2016,8,5,33.3,77,12.5,3.3
2016,8,6,33.7,77,11,2.7
2016,8,7,33.3,72,12.7,3.6
2016,8,8,33.1,65,7.1,5.5
2016,8,9,37.4,56,8.9,3
2016,8,10,33.5,68,8,3.9
2016,8,11,30.4,70,3.3,2.9
2016,8,12,30.6,72,5.3,3
2016,8,13,30.7,70,8.1,2.9
2016,8,14,29.8,67,7.1,2.8
2016,8,15,30.9,74,2.2,3.7
2016,8,16,31.6,81,2.2,4.1
2016,8,17,33,78,9.5,6.1
2016,8,18,32.9,83,5.9,3
2016,8,19,32.1,79,7.5,3.3
2016,8,20,30.3,91,2.1,3.5
2016,8,21,32.7,82,6,2.8
2016,8,22,28,93,0,5
2016,8,23,29.7,84,0.7,3.3
2016,8,24,31.4,84,4.9,2.6
2016,8,25,32.4,78,11.9,2.6
2016,8,26,32.9,76,12.5,3
2016,8,27,27.9,85,1.1,2.9
2016,8,28,24.3,89,0,3
2016,8,29,30.7,88,2.9,3.8
2016,8,30,27.7,83,2.1,5.5
2016,8,31,30.5,63,11.5,5.8
2016,9,1,31.8,71,11.1,3
2016,9,2,31.2,75,11,3.2
2016,9,3,31.1,79,6.4,3.1
2016,9,4,31.4,85,5.7,2.3
2016,9,5,32.5,78,10.2,3
2016,9,6,31.3,77,10,4.9
2016,9,7,30.2,86,2.3,4
2016,9,8,31.3,87,3.4,4
2016,9,9,31.8,72,10.8,2.2
2016,9,10,30.9,72,8.9,3.3
2016,9,11,25.7,91,0,2.4
2016,9,12,27.2,82,1.3,3.5
2016,9,13,24.4,96,0,2.8
2016,9,14,25.3,92,0.2,2.3
2016,9,15,26.2,89,0.1,2.1
2016,9,16,24.8,90,0,1.6
2016,9,17,29.2,85,5.8,2.4
2016,9,18,26.7,89,0,3.9
2016,9,19,23.7,96,0,3
2016,9,20,20.4,99,0,5.6
2016,9,21,22.8,86,0.1,3.3
2016,9,22,20.7,97,0.1,4.4
2016,9,23,22.7,99,0,1.3
2016,9,24,23.7,96,0,2.2
2016,9,25,29.2,87,4.9,2.1
2016,9,26,29.2,85,4.5,1.7
2016,9,27,29.5,89,7.2,2.2
2016,9,28,31,84,4.2,4.1
2016,9,29,28.4,83,0.5,2.9
2016,9,30,23.9,67,1,2.6
2017,5,1,24.4,66,8.4,2.6
2017,5,2,22.4,39,10.5,3.6
2017,5,3,22.2,62,9,3.8
2017,5,4,22.9,68,8.6,4.1
2017,5,5,24.8,78,12.5,3
2017,5,6,26.2,78,11.4,5.1
2017,5,7,23.6,73,2.2,2.7
2017,5,8,27.8,49,12.5,3.6
2017,5,9,21.6,57,0.8,2.6
2017,5,10,17.1,94,0,1.5
2017,5,11,26.5,67,10.2,2.3
2017,5,12,27.4,73,9.3,2.5
2017,5,13,20.1,95,0,3.1
2017,5,14,21.3,79,1.9,3.5
2017,5,15,22.4,85,1.6,2.6
2017,5,16,22.8,76,4.5,3.2
2017,5,17,20.2,72,0.3,2.1
2017,5,18,23.4,74,6.3,2.7
2017,5,19,25.5,73,13.1,3
2017,5,20,27.7,70,13.1,2.7
2017,5,21,30,67,12.6,3.2
2017,5,22,27.4,66,12.6,4.4
2017,5,23,26.8,63,12.7,5.8
2017,5,24,26.3,75,4,4
2017,5,25,25.7,81,1.2,2.6
2017,5,26,21.8,94,0.2,2.4
2017,5,27,28,70,10.2,3.6
2017,5,28,25.5,68,10.2,3.2
2017,5,29,25.9,72,11.4,3.5
2017,5,30,28.2,70,11.5,3.3
2017,5,31,26.6,77,5.4,4.4
2017,6,1,26.4,84,4.2,2.6
2017,6,2,28.6,49,12.1,4.8
2017,6,3,25.7,44,13,3.6
2017,6,4,25.9,44,11.9,3.9
2017,6,5,25,58,8.8,3.5
2017,6,6,23.6,67,5,3.3
2017,6,7,22.3,74,0.3,4.6
2017,6,8,24.3,85,3.1,4.3
2017,6,9,26.7,70,5.5,2.8
2017,6,10,29.5,64,11.4,4.3
2017,6,11,24.9,69,2.5,3.3
2017,6,12,23.9,63,3.2,3.7
2017,6,13,19.6,91,0.1,2.6
2017,6,14,24.5,81,6.5,3.4
2017,6,15,26.4,77,7.9,3.3
2017,6,16,28.2,69,13.1,2.8
2017,6,17,26.9,61,13.1,3.2
2017,6,18,22.3,86,0,3.4
2017,6,19,29.7,66,10.4,4.5
2017,6,20,28.1,76,8.7,3.4
2017,6,21,24.3,90,0,6.2
2017,6,22,27.7,67,3.4,2.5
2017,6,23,29.9,72,12.8,2.9
2017,6,24,28.4,75,8.4,2.6
2017,6,25,23.8,94,0,2.1
2017,6,26,25.5,83,1.2,2.5
2017,6,27,25.5,87,0.1,2.1
2017,6,28,25.9,90,0.9,1.6
2017,6,29,28.6,82,3,2.3
2017,6,30,24.8,88,0.1,4.1
2017,7,1,26.6,83,0,3.1
2017,7,2,31,80,4.1,2.4
2017,7,3,32.8,75,8,3.8
2017,7,4,29.8,78,0,2.5
2017,7,5,30.8,80,5.9,2.9
2017,7,6,30.4,76,9.4,3.5
2017,7,7,31,75,13.1,2.6
2017,7,8,32.9,72,13.1,2.5
2017,7,9,31.4,79,12.6,3.2
2017,7,10,31.7,80,11.3,4.1
2017,7,11,30.9,79,8.4,4.9
2017,7,12,31.3,81,12.6,5.8
2017,7,13,31.6,83,8.5,5.9
2017,7,14,31.9,74,13.3,4.9
2017,7,15,32.5,74,12.9,2.9
2017,7,16,33.1,74,6.7,2.4
2017,7,17,33.3,69,6.7,2.7
2017,7,18,31.7,81,3.6,2.7
2017,7,19,31,78,9.7,3.2
2017,7,20,31.4,77,5.6,3.7
2017,7,21,32.6,75,12.9,4.3
2017,7,22,32.5,74,10.2,4.5
2017,7,23,28,81,0.2,5.5
2017,7,24,31.7,75,4.6,6.1
2017,7,25,32.3,77,6.4,5
2017,7,26,27.3,91,0,2.5
2017,7,27,27.8,81,0,3.3
2017,7,28,32,80,8.5,2.4
2017,7,29,32.3,84,4.3,2.2
2017,7,30,30,83,1.2,2.3
2017,7,31,33.1,77,10.8,2.7
2017,8,1,31.1,87,1,3
2017,8,2,24.8,83,0,2.5
2017,8,3,28.7,76,2.5,2.6
2017,8,4,28.5,86,0.5,2.6
2017,8,5,32.3,83,6.8,2.2
2017,8,6,33.6,80,9.5,2.7
2017,8,7,33.1,83,4.8,4.9
2017,8,8,34.3,73,5.1,5
2017,8,9,35.1,74,9.8,2.7
2017,8,10,29.8,86,1.4,3.6
2017,8,11,24,96,0,2.5
2017,8,12,28.1,88,3.1,2.5
2017,8,13,29.9,81,4.7,2.8
2017,8,14,25.6,92,0,2.4
2017,8,15,26,95,0,2.1
2017,8,16,23.2,98,0,3.8
2017,8,17,28.1,86,0,3.5
2017,8,18,31.4,85,3.2,2.2
2017,8,19,32.1,85,4.9,2.6
2017,8,20,28.5,85,,2.2
2017,8,21,32,80,3.1,2.6
2017,8,22,31.9,81,3.2,3.5
2017,8,23,35.1,68,10.6,2.1
2017,8,24,34.8,69,8.2,2.8
2017,8,25,34.6,70,6.7,1.7
2017,8,26,34,73,4.8,2.8
2017,8,27,30.1,64,4.8,3
2017,8,28,30.9,73,8.1,3.1
2017,8,29,31.3,80,6.4,4.9
2017,8,30,33.1,80,5.8,3.7
2017,8,31,25.4,85,0.2,3.7
2017,9,1,27,70,2.3,4.1
2017,9,2,25.2,77,5.9,5.1
2017,9,3,26.5,71,6.9,2.7
2017,9,4,23.2,85,0,3
2017,9,5,27.4,80,5.2,2.9
2017,9,6,23.1,95,0,2.4
2017,9,7,25.8,92,0,1.8
2017,9,8,26.4,85,3,2.7
2017,9,9,29.3,75,8.8,2.5
2017,9,10,30,76,7.3,2.9
2017,9,11,29.6,77,6.2,4.1
2017,9,12,26.8,89,0,4.5
2017,9,13,31,71,9.2,2.9
2017,9,14,29.7,70,8.4,3.1
2017,9,15,26.6,58,3.6,2.6
2017,9,16,22.5,78,0,2.5
2017,9,17,20.2,98,0,4.4
2017,9,18,31.9,68,10.9,6
2017,9,19,28.5,62,8.2,2.8
2017,9,20,26,70,0,3.6
2017,9,21,29.6,53,10,2.7
2017,9,22,26.7,79,2.4,2.7
2017,9,23,23.2,83,0.1,3.2
2017,9,24,26,74,1.6,1.8
2017,9,25,28.7,74,10.6,2.5
2017,9,26,28.2,75,8.9,2.7
2017,9,27,26.4,74,0.7,3.8
2017,9,28,24.2,87,0.2,3.7
2017,9,29,24.4,68,8.8,2.5
2017,9,30,23.8,75,1.7,2.6
2018,5,1,27.6,65,12.3,3.1
2018,5,2,25.8,77,3.5,3.2
2018,5,3,26.5,74,3.4,7.7
2018,5,4,22.4,51,11.2,4.8
2018,5,5,23.9,53,12.8,3.4
2018,5,6,25.8,56,9.8,4.7
2018,5,7,19.8,86,0.1,5.1
2018,5,8,14.2,88,0,3.1
2018,5,9,14.7,86,0.1,5.4
2018,5,10,16.3,74,3.6,2.1
2018,5,11,21.7,61,11.9,3.8
2018,5,12,25,64,10.7,3.4
2018,5,13,20.8,84,0.1,4.3
2018,5,14,27.8,69,11,3
2018,5,15,28.1,55,12.5,4.4
2018,5,16,27,62,11.5,5.7
2018,5,17,26.6,71,3.1,4.8
2018,5,18,28.5,81,9.5,3.4
2018,5,19,24.4,73,2.5,5.2
2018,5,20,20.9,50,11.3,3.8
2018,5,21,25.8,51,11,2.7
2018,5,22,26.8,58,13.5,2.7
2018,5,23,21.3,83,0.8,2
2018,5,24,25.5,82,9,2.9
2018,5,25,26.8,72,8.7,4
2018,5,26,25.6,65,2,2.5
2018,5,27,26.6,74,10.9,2.9
2018,5,28,25,74,0.7,3.6
2018,5,29,27.6,72,3.4,3.2
2018,5,30,24.4,85,0,2.1
2018,5,31,20.7,84,0.5,3.3
2018,6,1,26.3,57,8.6,3.7
2018,6,2,26.8,69,12.2,2.8
2018,6,3,28.5,67,11.8,2
2018,6,4,28.5,62,12,2.2
2018,6,5,27.9,70,7.7,2.5
2018,6,6,22.2,90,0,2.3
2018,6,7,26.8,81,7.8,2.8
2018,6,8,27.1,78,7.7,4.7
2018,6,9,31.3,74,12.3,2.7
2018,6,10,22.8,88,0,3.3
2018,6,11,20.5,97,0,6
2018,6,12,27.5,83,4.1,2.2
2018,6,13,25.4,78,2.4,2.6
2018,6,14,24.8,72,2.3,3.3
2018,6,15,20.9,91,0,3.4
2018,6,16,17.7,84,0,3.5
2018,6,17,23.6,75,3.6,2.2
2018,6,18,21.1,88,0,2.8
2018,6,19,28,75,9.5,4
2018,6,20,22,97,0,2.4
2018,6,21,23.5,91,0,2.6
2018,6,22,27.5,79,9.6,2.6
2018,6,23,23,92,0,2.1
2018,6,24,25.6,87,5.6,2.9
2018,6,25,32.1,72,13,2.3
2018,6,26,29.7,76,9.9,4.2
2018,6,27,30.5,74,6.8,7.9
2018,6,28,30.1,80,4.7,7.7
2018,6,29,30.2,81,12.8,7
2018,6,30,31,79,13.2,6.3
2018,7,1,31.3,76,13.5,5.6
2018,7,2,31.8,73,13.8,5.5
2018,7,3,31.5,71,11.9,5.9
2018,7,4,29.6,79,3.9,7.9
2018,7,5,28.3,80,0.1,7.1
2018,7,6,25.8,95,0,3.4
2018,7,7,29.3,85,1.7,4.3
2018,7,8,31.5,79,7.7,3.7
2018,7,9,31.2,83,9.1,3.3
2018,7,10,32.6,76,10.7,3.9
2018,7,11,33.2,74,8.2,2.7
2018,7,12,30.7,85,1.6,2.4
2018,7,13,33.1,80,7.9,2.9
2018,7,14,35.8,72,11.7,2.6
2018,7,15,34.3,77,10.2,3.4
2018,7,16,32.8,77,10,3.7
2018,7,17,33.4,77,10.3,4.1
2018,7,18,33.8,77,11.2,3.6
2018,7,19,33.8,76,11.8,3.9
2018,7,20,33.7,75,12.8,5.4
2018,7,21,33.4,72,12.2,4.3
2018,7,22,35.1,73,9.7,2.7
2018,7,23,37.2,64,12.2,2.8
2018,7,24,34.9,76,8.9,2.7
2018,7,25,33.2,77,6.6,3.3
2018,7,26,29.8,68,2.2,3.5
2018,7,27,29.6,67,7.3,3.5
2018,7,28,28.2,94,0.1,6
2018,7,29,32.9,81,10.7,3.4
2018,7,30,33.3,80,8.6,3.1
2018,7,31,34,76,12.1,2.6
2018,8,1,34.9,73,12.7,2.9
2018,8,2,35.5,73,10.1,2.3
2018,8,3,36.1,76,10.1,2.4
2018,8,4,34.3,75,9.7,2.8
2018,8,5,34.6,76,10.8,3.8
2018,8,6,33.1,80,6.7,3.3
2018,8,7,25.4,91,0,6.2
2018,8,8,25.1,93,0,9
2018,8,9,32.1,85,2.8,6.3
2018,8,10,33.6,75,12,5.1
2018,8,11,34.3,75,10.2,3
2018,8,12,29.7,87,0.8,2.3
2018,8,13,33.8,80,6.4,2.5
2018,8,14,33.2,77,11.8,4.8
2018,8,15,32.5,75,12.3,6
2018,8,16,31.5,75,5.7,6.9
2018,8,17,29.9,46,8.5,5.7
2018,8,18,27.5,55,10.6,2.9
2018,8,19,28.6,61,9.6,2.2
2018,8,20,27,75,0.6,2.5
2018,8,21,33.2,81,10.3,3.6
2018,8,22,33.6,77,10.6,4.7
2018,8,23,32.9,79,7.7,5.4
2018,8,24,29.7,84,1.3,8.2
2018,8,25,33.8,71,12.3,5.9
2018,8,26,35.7,69,12.5,2.4
2018,8,27,35.6,77,10.7,2.5
2018,8,28,31.7,82,3.2,2.7
2018,8,29,29.9,83,1.3,2.3
2018,8,30,33,76,8.7,4.3
2018,8,31,34.6,69,11.8,4.6
2018,9,1,31.2,74,1.5,3.4
2018,9,2,24.1,89,0,3
2018,9,3,27.5,89,1,2.2
2018,9,4,29.9,86,0.6,6.3
2018,9,5,31.1,75,8.8,7.1
2018,9,6,31.2,66,4.9,5.3
2018,9,7,30.9,78,1.7,5.8
2018,9,8,31.7,79,10.7,6.1
2018,9,9,31.5,77,9,5.3
2018,9,10,29.5,89,2.8,3.2
2018,9,11,25.1,75,0.4,3.1
2018,9,12,24.7,66,3.2,3.2
2018,9,13,26.2,75,2.1,2.9
2018,9,14,23.1,92,0,2
2018,9,15,22.3,96,0,2
2018,9,16,26.1,90,2.4,1.7
2018,9,17,30.8,82,8.5,2.5
2018,9,18,28.8,82,6.8,2.3
2018,9,19,27.3,67,9.3,2.9
2018,9,20,23.5,83,0,2.6
2018,9,21,20,97,0,5.8
2018,9,22,25.5,87,3.2,1.8
2018,9,23,28.4,73,3.7,2.4
2018,9,24,28.7,80,4.7,2.6
2018,9,25,23.7,95,0,2.5
2018,9,26,19.6,95,0,5.2
2018,9,27,18.1,92,0.2,4.5
2018,9,28,25.6,72,11.3,2.3
2018,9,29,20.5,90,0,2.9
2018,9,30,26.6,94,2.6,5.3
2019,5,1,22.7,90,3.8,3.5
2019,5,2,22,68,5.8,2.1
2019,5,3,24.5,53,10.4,2.4
2019,5,4,24.3,73,5.8,3
2019,5,5,24.8,64,12.8,3.2
2019,5,6,23.6,72,2.1,4.2
2019,5,7,20,49,4.3,4.2
2019,5,8,21.5,44,13.2,4.6
2019,5,9,21.3,52,0.5,5.2
2019,5,10,26,49,10.7,2.7
2019,5,11,27.5,64,10.8,2.6
2019,5,12,22,74,5.3,3.4
2019,5,13,22.6,70,4.4,2.7
2019,5,14,18.4,88,0,3.4
2019,5,15,22.4,75,7.3,2.8
2019,5,16,25.6,66,12.2,2.7
2019,5,17,25.5,66,12.4,2.7
2019,5,18,24.8,66,8.4,2.8
2019,5,19,24.9,64,8.1,3.3
2019,5,20,24.9,72,5.6,4.5
2019,5,21,21.7,97,0,6.4
2019,5,22,24.1,61,10.7,3
2019,5,23,27.1,51,12,3.3
2019,5,24,28.7,58,13.2,2.5
2019,5,25,31,60,13.5,2.7
2019,5,26,31.3,65,11.3,2.6
2019,5,27,30.9,61,12.2,3.1
2019,5,28,26,68,0.2,6.6
2019,5,29,26.3,81,3.6,3.9
2019,5,30,25.7,60,13,3.8
2019,5,31,24.1,74,0.9,4
2019,6,1,26.2,72,7.3,3
2019,6,2,24.4,74,1.2,2.7
2019,6,3,26.2,71,6.7,2.6
2019,6,4,27.3,73,9.3,2.8
2019,6,5,25.2,75,3.3,2.9
2019,6,6,31,69,11.2,2.6
2019,6,7,24.1,91,0,2
2019,6,8,25.1,89,1.9,2.8
2019,6,9,20.1,87,0,3.3
2019,6,10,17.4,99,0,6.8
2019,6,11,24,76,4.2,4.2
2019,6,12,22.7,79,1.6,2.5
2019,6,13,26.2,69,13.7,3.3
2019,6,14,26.1,71,8.5,3.7
2019,6,15,20.3,95,0,3.4
2019,6,16,28.9,62,13.3,5.4
2019,6,17,28.8,52,10.7,3.6
2019,6,18,27.5,68,8.5,3.2
2019,6,19,28.6,72,11.6,3.3
2019,6,20,28.4,76,5.8,3.2
2019,6,21,29.5,78,4.9,4.3
2019,6,22,24.4,87,0.1,3
2019,6,23,22.9,85,0,2.1
2019,6,24,22,93,0.5,2.9
2019,6,25,27.2,79,6.7,2.8
2019,6,26,29.1,74,12.6,3.9
2019,6,27,27.7,81,3.3,5.5
2019,6,28,31.1,83,4.1,3.3
2019,6,29,21.7,95,0,2.1
2019,6,30,28.9,93,0.9,4
2019,7,1,25.5,94,0,1.6
2019,7,2,27.1,88,0.6,2.4
2019,7,3,28.9,84,2.6,2.3
2019,7,4,25.2,92,0.1,4.4
2019,7,5,25,82,0.6,2.4
2019,7,6,23,91,0,3.2
2019,7,7,21,97,0,8.1
2019,7,8,24.1,78,3.1,4.4
2019,7,9,21.7,76,0,2.3
2019,7,10,26.3,73,7.5,3.3
2019,7,11,24.7,77,0.4,2
2019,7,12,21.6,96,0,3
2019,7,13,26.7,88,0.6,2.1
2019,7,14,23.2,97,0,2.3
2019,7,15,23.9,90,0,2.2
2019,7,16,21.9,99,0,2.4
2019,7,17,28.2,88,3.6,2.3
2019,7,18,30.5,85,4.2,2.5
2019,7,19,30.5,82,4.3,3.3
2019,7,20,28.9,86,0,1.7
2019,7,21,28.5,89,0.9,2
2019,7,22,24.9,93,0,1.5
2019,7,23,29.6,89,3.4,2.4
2019,7,24,31.6,82,6.8,2.4
2019,7,25,32.5,79,8.3,3.5
2019,7,26,32.5,76,10.2,4.6
2019,7,27,31,84,5.3,6
2019,7,28,32.2,83,5.3,4.3
2019,7,29,33,79,9.5,3.1
2019,7,30,33.1,79,8.7,3.7
2019,7,31,33.8,78,11.2,3.5
2019,8,1,34.8,78,12.4,2.9
2019,8,2,34.5,78,12.3,3.2
2019,8,3,33.7,75,12.7,3.3
2019,8,4,34.1,73,12.8,2.5
2019,8,5,34.4,74,12.2,2.6
2019,8,6,34.6,75,9.1,4
2019,8,7,34.4,73,9.6,3.6
2019,8,8,33.8,74,12.1,3.5
2019,8,9,34.8,71,11.3,4.2
2019,8,10,33.7,74,8.3,3.5
2019,8,11,35.6,73,11.4,2.7
2019,8,12,33.6,79,6.3,2.2
2019,8,13,34.3,82,5.2,2.2
2019,8,14,32.7,83,6.3,3.8
2019,8,15,32.2,85,1.9,6.9
2019,8,16,30.9,79,2.9,7.5
2019,8,17,34.1,70,12.2,4.9
2019,8,18,34.8,72,8.4,2.8
2019,8,19,32.5,78,4,3.1
2019,8,20,33.5,80,3.7,2.9
2019,8,21,33.1,75,4.8,3.2
2019,8,22,31.2,82,2,2.8
2019,8,23,30,84,0,3.9
2019,8,24,31.1,72,6.6,2.8
2019,8,25,31.4,73,10.3,3.3
2019,8,26,29.5,78,4,3.2
2019,8,27,29.2,82,1.9,2.4
2019,8,28,27.7,85,0.2,6.1
2019,8,29,32.7,72,7.3,6.2
2019,8,30,28,82,0.7,4.8
2019,8,31,32.4,72,6.6,3.3
2019,9,1,31.9,75,8.7,2.4
2019,9,2,33,75,11.5,3.2
2019,9,3,30.6,86,1.9,2.9
2019,9,4,26.9,84,0.2,2.5
2019,9,5,30.2,74,3.7,1.8
2019,9,6,33,75,11.9,2.7
2019,9,7,33.2,77,7.8,1.9
2019,9,8,32.4,85,5.7,3.3
2019,9,9,34,81,6.8,6.4
2019,9,10,34.2,74,10.7,2.5
2019,9,11,32.2,79,6.1,3.2
2019,9,12,28.4,65,3.7,3.9
2019,9,13,24.6,61,0,2.8
2019,9,14,25.2,73,1,3.8
2019,9,15,31.1,71,6.3,3.5
2019,9,16,25.1,95,0,4.6
2019,9,17,30.6,77,11.4,3.1
2019,9,18,24.3,85,0.4,2.3
2019,9,19,26.9,68,7.9,3.2
2019,9,20,26.8,63,10,2.9
2019,9,21,24.8,68,0.1,2.3
2019,9,22,27.3,76,4.4,3.2
2019,9,23,30.3,84,4.3,6.1
2019,9,24,31.3,69,5.7,2.9
2019,9,25,28,66,7.8,2.7
2019,9,26,27.1,71,7.2,2.9
2019,9,27,28.5,72,9.8,2.2
2019,9,28,28.7,74,5.3,2.5
2019,9,29,27.7,85,1.9,2.1
2019,9,30,29.4,73,4.2,2.7
2020,5,1,24.1,64,12.3,5.7
2020,5,2,26.7,67,12.3,3.5
2020,5,3,24.5,69,7.6,5.3
2020,5,4,20.7,87,0.5,2.5
2020,5,5,27.4,77,6.4,2.8
2020,5,6,19,86,0,2.9
2020,5,7,22.7,56,10.3,4.6
2020,5,8,21.6,48,11.5,3.5
2020,5,9,21.3,64,3.7,5
2020,5,10,23.7,84,0.5,6.6
2020,5,11,27.6,78,11.7,3.2
2020,5,12,26.5,75,5.6,3.1
2020,5,13,29.2,53,12.6,4.2
2020,5,14,25.4,41,12.3,4
2020,5,15,26.6,54,8.3,4.3
2020,5,16,20.6,90,0,3.7
2020,5,17,27.5,75,11.3,2.5
2020,5,18,20.6,89,0,2.2
2020,5,19,20.1,94,0,4.3
2020,5,20,18.5,82,0.9,4.2
2020,5,21,15,87,0,3.1
2020,5,22,18.3,84,0,3.8
2020,5,23,23.1,83,2.9,2.5
2020,5,24,25.7,74,9.9,2.8
2020,5,25,26,71,7.2,3
2020,5,26,25.5,82,0.6,2
2020,5,27,26.6,75,8.2,2.5
2020,5,28,25.6,60,5.5,2.9
2020,5,29,27.1,65,12.2,3
2020,5,30,27.2,70,10.1,3.1
2020,5,31,24.5,73,0.6,3.3
2020,6,1,21,93,0,1.6
2020,6,2,26.1,83,2.6,2.7
2020,6,3,29.3,74,6.6,2.7
2020,6,4,28.4,78,6.3,3
2020,6,5,29.4,71,10.7,3.7
2020,6,6,28.1,75,1.7,2.5
2020,6,7,27.3,65,9.1,3.8
2020,6,8,28.9,74,8.6,3.4
2020,6,9,29.5,67,13.1,4.3
2020,6,10,29.5,68,10.1,6.3
2020,6,11,28.6,86,4.2,7.4
2020,6,12,30.7,83,2.5,3.9
2020,6,13,25.3,94,0,1.9
2020,6,14,25.6,94,0,2.8
2020,6,15,31.9,74,7.4,2.8
2020,6,16,29.7,66,7.2,3.8
2020,6,17,28.8,63,11.4,3.2
2020,6,18,24.7,82,0,2.2
2020,6,19,19.7,97,0,3.8
2020,6,20,28.3,71,10.4,3.1
2020,6,21,24.4,81,0.5,2.6
2020,6,22,21.9,91,0,6
2020,6,23,27.9,83,5.7,3.2
2020,6,24,25.7,87,3.7,2.7
2020,6,25,23.7,93,0.4,2.5
2020,6,26,32.3,83,5.6,3
2020,6,27,29.5,81,2,2.2
2020,6,28,25.4,91,0.3,2.4
2020,6,29,29.2,77,8.8,3
2020,6,30,27.4,86,0.2,5.6
2020,7,1,26.2,91,0.2,8.1
2020,7,2,29.9,71,12.3,6.2
2020,7,3,26.7,80,0.7,2.4
2020,7,4,27.7,89,0.1,5.5
2020,7,5,28.7,83,3.5,5.6
2020,7,6,26.9,90,0.4,6.3
2020,7,7,27.7,87,0,7.2
2020,7,8,28.5,87,1.7,6.9
2020,7,9,26.2,89,0,4.7
2020,7,10,27.2,88,0.1,4.4
2020,7,11,30.2,86,2.4,6.9
2020,7,12,31.9,80,9,4.2
2020,7,13,23.8,90,0,2.8
2020,7,14,25.9,91,0,3.1
2020,7,15,23.3,93,0,2.9
2020,7,16,25.5,84,3.1,2.6
2020,7,17,21,96,0,2.3
2020,7,18,24.2,96,0.5,1.9
2020,7,19,28.8,88,6.4,2.7
2020,7,20,32.1,81,7,2.2
2020,7,21,29.8,85,2.5,2.6
2020,7,22,30,87,2.5,3.3
2020,7,23,26.7,91,0,2.4
2020,7,24,27.3,88,0.1,1.7
2020,7,25,28.1,94,0.1,2.9
2020,7,26,30.9,91,4.5,3.3
2020,7,27,30.5,83,2.6,4.6
2020,7,28,29.3,87,0,4.8
2020,7,29,25.8,88,0,2.5
2020,7,30,25.5,86,0.1,2.3
2020,7,31,28.6,88,1.4,1.5
2020,8,1,30,78,5.2,3.1
2020,8,2,31.3,73,9.2,2.9
2020,8,3,32.4,76,9.8,2.6
2020,8,4,32.6,77,12.2,3
2020,8,5,33.4,80,9.4,2.8
2020,8,6,32.8,78,10.2,4.1
2020,8,7,33.6,70,10.6,4.8
2020,8,8,33.6,73,8.7,3.3
2020,8,9,34.2,70,8,3.4
2020,8,10,34.5,70,10,3.4
2020,8,11,34.9,70,13.1,5.8
2020,8,12,35.4,73,11.3,3.3
2020,8,13,36.4,71,10,2.6
2020,8,14,35,73,11.3,3.3
2020,8,15,35.9,75,12.5,2.5
2020,8,16,34.4,77,9.8,3.1
2020,8,17,35.6,78,7.2,2.6
2020,8,18,34.3,74,7.7,3.2
2020,8,19,34.3,73,10.2,3.1
2020,8,20,34,75,9.9,3.1
2020,8,21,34.7,73,12.1,3
2020,8,22,34.8,76,9.5,2.9
2020,8,23,28.7,87,1,1.7
2020,8,24,32,75,8.8,3.1
2020,8,25,32.8,73,11.8,2.4
2020,8,26,33.2,76,10.4,2.5
2020,8,27,33.8,78,8.3,2.4
2020,8,28,34.2,78,9.6,3.1
2020,8,29,34.5,74,12.1,3.4
2020,8,30,34.8,74,11.9,3.2
2020,8,31,33.2,79,6.4,3.2
2020,9,1,27.6,82,0.1,3.7
2020,9,2,33,86,3,3.1
2020,9,3,32.3,85,6.6,4.5
2020,9,4,34.1,75,10.5,3.8
2020,9,5,32.3,77,10.6,3.9
2020,9,6,30.9,85,4.9,2.7
2020,9,7,31.9,87,4,4.6
2020,9,8,33,74,8.7,5.3
2020,9,9,33.6,70,11.1,4.4
2020,9,10,31.4,81,4.6,3.8
2020,9,11,32.8,79,8.9,3
2020,9,12,25.7,93,0,3.2
2020,9,13,27.5,88,0.3,2.9
2020,9,14,27.9,87,3.1,3
2020,9,15,28.5,77,4.6,2.6
2020,9,16,28.4,79,1.2,1.9
2020,9,17,29,82,3.9,2.7
2020,9,18,31.2,76,2.1,6.9
2020,9,19,29.7,76,3.3,2.7
2020,9,20,24.5,77,0,2.7
2020,9,21,25.8,79,4.3,2.3
2020,9,22,25.9,76,4.1,3.3
2020,9,23,22.2,94,0,5.3
2020,9,24,22.2,89,0.2,8.1
2020,9,25,21.7,91,0,6
2020,9,26,20.3,96,0,3
2020,9,27,23.8,86,2.4,2.1
2020,9,28,27,71,10.3,3.2
2020,9,29,23.3,64,1.5,2.9
2020,9,30,24.8,64,10,3.7
2021,5,1,22.9,74,7.8,4.3
2021,5,2,21.5,53,10.6,6.5
2021,5,3,21.1,45,12.5,3.9
2021,5,4,23.8,45,11.6,3
2021,5,5,21.6,69,1.2,5.9
2021,5,6,22.9,80,5.4,3
2021,5,7,19.6,83,0.7,1.9
2021,5,8,24.3,70,8,3.7
2021,5,9,27.2,57,9.4,6.2
2021,5,10,24.5,46,11.4,3.2
2021,5,11,19.8,58,1,3
2021,5,12,20.5,61,2.8,2.6
2021,5,13,17.7,97,0,4.4
2021,5,14,25.9,81,10.6,3.2
2021,5,15,27,73,8,3.4
2021,5,16,22.2,82,0.3,3.6
2021,5,17,24,91,0,7.3
2021,5,18,27.2,84,4.4,3.3
2021,5,19,18.4,98,0,1.6
2021,5,20,21.8,93,0,1.7
2021,5,21,24.4,92,0.1,6.9
2021,5,22,22.1,79,0.2,4.6
2021,5,23,24.9,76,9.4,3
2021,5,24,27.6,67,4,3.3
2021,5,25,28.3,65,10.7,4.1
2021,5,26,25.6,62,9.5,2.8
2021,5,27,20.2,92,0,2.6
2021,5,28,25.1,75,4.7,3.4
2021,5,29,26.6,66,4.2,6.5
2021,5,30,26,70,6.3,3.5
2021,5,31,25.4,64,7.8,3
2021,6,1,25.4,74,9.8,3
2021,6,2,25.4,68,2.6,2.6
2021,6,3,26.9,71,9,2.5
2021,6,4,23.9,95,0,6.2
2021,6,5,25.9,78,3.3,2.9
2021,6,6,23.5,81,1.1,2.4
2021,6,7,28.5,75,2.7,2
2021,6,8,30.2,66,12.2,2.1
2021,6,9,30.4,59,13.5,3.1
2021,6,10,29.3,70,13.4,2.9
2021,6,11,28.2,69,10.6,3.1
2021,6,12,28.4,70,6.7,3.8
2021,6,13,28.6,65,4.3,3.5
2021,6,14,23.9,82,0.1,2
2021,6,15,28.7,74,11.3,2.4
2021,6,16,25,88,0,1.9
2021,6,17,25.4,78,3.7,3.8
2021,6,18,26.7,69,9.1,2.9
2021,6,19,22.8,92,0,3.2
2021,6,20,27.3,,1.6,3.6
2021,6,21,26.3,72,5.1,3.1
2021,6,22,27.9,73,4.4,2.2
2021,6,23,25.2,73,0.6,2.5
2021,6,24,26.4,79,2.8,3
2021,6,25,27.8,76,2.5,2.3
2021,6,26,27.9,71,4.3,1.9
2021,6,27,26.5,78,1.5,2
2021,6,28,28.2,74,9.8,3.2
2021,6,29,28.2,86,2.5,4.4
2021,6,30,24.7,88,0,2.4
2021,7,1,22.6,96,0,2
2021,7,2,24.2,99,0,2
2021,7,3,24.2,94,0,2.7
2021,7,4,21.3,98,0,1.3
2021,7,5,25.8,95,0.5,1.4
2021,7,6,27.7,89,0,1.6
2021,7,7,29.7,87,2,2.5
2021,7,8,24.6,94,0,2.1
2021,7,9,26,97,0,1.6
2021,7,10,33.2,81,9.4,2.9
2021,7,11,32,82,7,2.5
2021,7,12,31.1,80,8.3,2.5
2021,7,13,28.3,85,0.6,2
2021,7,14,29.2,83,3,2.7
2021,7,15,30.7,80,6.9,2.6
2021,7,16,32.9,76,10.8,2.4
2021,7,17,32.2,74,12,2.6
2021,7,18,32.6,78,10.5,3.9
2021,7,19,33.5,77,11.3,3.3
2021,7,20,33.6,74,10.5,3.1
2021,7,21,33.7,71,12.3,2.9
2021,7,22,33.7,71,13,3
2021,7,23,33.6,72,11.1,3
2021,7,24,34.2,70,11.2,2.5
2021,7,25,33.4,69,12.4,3
2021,7,26,30.9,67,4.3,3.3
2021,7,27,30.5,80,4,5.1
2021,7,28,32.4,76,9.2,3.9
2021,7,29,32.1,76,6,4.4
2021,7,30,30.1,82,2.1,2.3
2021,7,31,32.2,77,11.1,2.6
2021,8,1,33.6,73,12.8,3.4
2021,8,2,33,78,7.7,2.5
2021,8,3,33,80,8.6,4
2021,8,4,34.1,77,10.8,3.2
2021,8,5,34.6,73,11.8,2.4
2021,8,6,34.5,74,8.8,2.5
2021,8,7,31.1,86,3.3,2.8
2021,8,8,29.9,90,0.3,4.8
2021,8,9,30.9,80,5.6,8.1
2021,8,10,35.1,59,12.8,6.7
2021,8,11,33.7,65,8.3,2.7
2021,8,12,28.7,85,0.3,2.6
2021,8,13,26.5,93,0,2.8
2021,8,14,26.8,94,0,4.9
2021,8,15,20.5,99,0,4.3
2021,8,16,21.8,97,0,3.5
2021,8,17,27.5,92,0.2,2.6
2021,8,18,30.7,83,6.9,6.1
2021,8,19,32.1,78,10.9,4.8
2021,8,20,32.8,73,11,4.7
2021,8,21,30.9,79,5.1,3.9
2021,8,22,31.7,77,4.6,4.2
2021,8,23,30.1,79,3.8,2
2021,8,24,30.6,79,3,3.1
2021,8,25,32.5,74,8.3,4.3
2021,8,26,34.8,74,11.7,2.2
2021,8,27,33.8,77,10.3,2.9
2021,8,28,34.5,74,9.8,2.2
2021,8,29,32.1,73,5.1,3
2021,8,30,33.7,77,9,3
2021,8,31,30.9,71,0.9,3
2021,9,1,24.6,87,0,2.9
2021,9,2,20.7,97,0,3.7
2021,9,3,20.9,97,0,4
2021,9,4,22.3,95,0,3.3
2021,9,5,25.1,85,0.4,3.9
2021,9,6,21.4,83,0.5,3.6
2021,9,7,24.6,70,4.9,3.7
2021,9,8,25,81,2.3,2
2021,9,9,22.3,95,0,2.9
2021,9,10,29.8,81,8,2.3
2021,9,11,28.7,87,1.8,1.7
2021,9,12,25.1,90,0,2.4
2021,9,13,29.6,72,7.3,2.6
2021,9,14,25.7,84,0,1.8
2021,9,15,27.7,80,7,3
2021,9,16,27.4,72,5.4,4
2021,9,17,25.5,78,0.2,2.6
2021,9,18,26.8,94,0,4.8
2021,9,19,28.8,71,9.9,4
2021,9,20,27.9,67,11.8,3.6
2021,9,21,27.9,74,9.6,3.1
2021,9,22,29.5,83,6.1,3.3
2021,9,23,32,65,10.6,3.9
2021,9,24,29.9,64,10.5,2.6
2021,9,25,24.5,75,0.2,2.7
2021,9,26,21.4,73,0,3.4
2021,9,27,24.1,73,3.6,4.2
2021,9,28,26.5,71,5.3,3.7
2021,9,29,27.1,76,6.9,2.9
2021,9,30,28.1,83,2.9,2.1
